video_id,author_username,video_description,hashtags,suggested_words,file_name,video_timestamp,video_date
6988185257426128133,gma,Morgan Wallen is speaking out to address using a racial slur in a video that was leaked in February and the fallout that ensued. #news #morganwallen,"['news', 'morganwallen']","morgan wallen racist video, morgan wallen, morgan wallen saying the word, morgan wallen n the word, morgan wallen lil durk, Morgan Wallen Songs, morgan wallen interview, morgan wallen racist, morgan wallen gma, morganwallenthevoice",Sec2Gr3_77777.csv,2021-07-23T14:07:54,2021-07-23
7283179469001461035,nbcnews,"After wrapping ""#Scandal,"" #KerryWashington's parents asked her to visit because they had something important to tell her. She had previously shared her intention to appear on a show that features celebrities learning about their family history through #DNA testing.","['scandal,""', ""kerrywashington's"", 'dna']","shera kerry washington, kerry washington somali, kerry washington dna results, kerry washington interview, Kerrywashington, kerry washington dad, kerry washington sheraseven, sprinkle sprinkle lady kerry washington, dna results, kerry washington dna results east african",Sec2Gr3_77217.csv,2023-09-26T12:56:22,2023-09-26
6948100100992322821,cbsnews,A baby kangaroo is rescued from its mother‚Äôs pouch by a sanctuary after she was found dead on the side of the road in Australia. #news #australia,"['news', 'australia']","kangaroo pouch, Kangaroo, baby kangaroo, Animal, Wildlife Rescue, Australia Animals, kangaroo video, rescue, Pouch, australia",Sec2Gr3_77217.csv,2021-04-06T13:37:01,2021-04-06
7307673039922105643,wired,"Elmo is here to set the record straight, once and for all!  But nonetheless, that‚Äôs a pretty good impression of a New York accent, #Elmo.  #sesamestreet #newyorker #newyorkaccent #accent #balsamicvinegarelmo ","['elmo.', 'sesamestreet', 'newyorker', 'newyorkaccent', 'accent', 'balsamicvinegarelmo']","elmo, elmo funniest moments, elmo balsamicvinegar, elmo saying balsamic vinegar, elmo savage moments, elmo nyc accent, elmo rocco, elmo voice actor, elmo balsamic vinaigrette, elmo new york accent",Sec2Gr3_77217.csv,2023-12-01T12:03:48,2023-12-01
7306609553305652510,nbcnews,"Former President #JimmyCarter and former first lady #RosalynnCarter share their love story, in their own words, as she is remembered with a tribute service following her death a little over a week ago.","['jimmycarter', 'rosalynncarter']",,Sec2Gr3_77217.csv,2023-11-28T15:17:10,2023-11-28
7298840941484379438,ajplus,She used to create cultural content. Now she‚Äôs documenting war.¬† #Gaza¬†#Israel¬†#GazaUnderAttack¬†#Palestine ,"['gaza', 'israel', 'gazaunderattack', 'palestine']",,Sec2Gr3_77217.csv,2023-11-07T16:50:41,2023-11-07
7304307972279110954,dailymail,Matt Rife hits back after his domestic violence joke in his Netflix special Natural Selection #fyp #mattrife #netflix #naturalselection #cancelled ,"['fyp', 'mattrife', 'netflix', 'naturalselection', 'cancelled']","matt rife, dave chappelle, dave chappelle comedy, matt rife and zendaya, matt rife wild n out, matt rife zendaya, matt rife dv joke clip, Matt Rife Comedy, Matt, matt rife comedy show",Sec2Gr3_77217.csv,2023-11-22T10:25:45,2023-11-22
7153344677251550510,nypost,Fake heiress #AnnaDelvey aka #AnnaSorokin was seen stepping out from house arrest in Manhattan ,"['annadelvey', 'annasorokin']","Anna Delvey Explained, anna delvey now, anna delvey gets caught scene, anna delvey, anna delvey netflix scenes, anna delvey netflix, anna sorokin, anna sorokin now, anna delvey gets caught movie scene, anna delvey case",Sec2Gr3_77217.csv,2022-10-11T15:50:53,2022-10-11
7190552119026502958,voguemagazine,"On the latest episode of #TheRunThrough, Vogue‚Äôs podcast hosts #ChiomaNnadi and #ChloeMalle pay a visit to #annadelvey in her East Village apartment. Currently on house arrest, a Manhattan jury convicted her in 2019 on one count of attempted grand larceny, three counts of grand larceny and four counts of theft services. Tap the link in our bio to listen to the full episode.","['therunthrough,', 'chiomannadi', 'chloemalle', 'annadelvey']","anna delvey now, anna delvey, anna delvey gets caught scene, anna delvey case explained, Anna Delvey Explained, julia garner, anna delvey netflix, anna delvey in real life, anna delvey vogue, anna delvey story",Sec2Gr3_77217.csv,2023-01-19T21:14:51,2023-01-19
7301777464840277294,nfl,voice of an angel ü•π #traviskelce #jasonkelce #kansascitychiefs #nfl #aphillyspecialchristmas @Philly Special Christmas ,"['traviskelce', 'jasonkelce', 'kansascitychiefs', 'nfl', 'aphillyspecialchristmas']","travis kelce singing, travis kelce, jason kelce singing, travis kelce taylor swift, Taylor Swift, eagles christmas song, Jason Kelce, philly christmas song, philly christmas special, travis and jason christmas song",Sec2Gr3_77217.csv,2023-11-15T14:46:05,2023-11-15
7304904555970497794,yonhapnews,ÌéòÏù¥Ïª§ÏóêÍ≤å BTS Ï§ë ÎàÑÍµ¨Î•º T1Ïóê ÏòÅÏûÖÌïòÍ≥† Ïã∂ÏùÄÏßÄ Î¨ªÎã§ #faker #sktt1 #leagueoflegends #bts ,"['faker', 'sktt1', 'leagueoflegends', 'bts']",,Sec2Gr3_77217.csv,2023-11-24T01:00:37,2023-11-24
7300417463429221675,espn,ü•π (via getawaycloud/X) #taylorswift #traviskelce #swifttok #erastour #argentina ,"['taylorswift', 'traviskelce', 'swifttok', 'erastour', 'argentina']",,Sec2Gr3_77217.csv,2023-11-11T22:48:35,2023-11-11
7215269772857036037,bbcnews,Teachers and students from a #Florida school have now been invited to #Florence to see #Michelangelo's statue of David. #Art #Italy#History#BBCNews,"['florida', 'florence', ""michelangelo's"", 'art', 'italy#history#bbcnews']","Statue Of David, Michelangelo, art, Florence, Italy, florida, Art History, Sculpture Art, David Beckham Statue, Bronze Statue, Art Exhibition",Sec2Gr3_77217.csv,2023-03-27T14:00:00,2023-03-27
7301457081805196586,thebryanjun,Explaining the most popular Korean #meme #korean #news #funny ,"['meme', 'korean', 'news', 'funny']",,Sec2Gr3_77217.csv,2023-11-14T18:02:52,2023-11-14
7298685559529016622,dailymail,"Has Harry styles shaved his head? üò≥ Fans have gone WILD after a viral picture of Harry styles appearing to have a buzz cut whilst at a U2 concert, at the Sphere in Vegas #harrystyles #harry #buzzcut #harrystyleshair #harrystylesbuzzcut #sphere #lasvegas #showbiz #newhair #viral ","['harrystyles', 'harry', 'buzzcut', 'harrystyleshair', 'harrystylesbuzzcut', 'sphere', 'lasvegas', 'showbiz', 'newhair', 'viral']","harry styles, harry styles buzz cut, harry styles new hair, harry styles seen with a buzz cut, sphere las vegas, harry styles buzz, the sphere in las vegas, buzz cut, harry styles haircut, harry styles new hair buzz cut",Sec2Gr3_77217.csv,2023-11-07T06:47:46,2023-11-07
7298685559529016622,dailymail,"Has Harry styles shaved his head? üò≥ Fans have gone WILD after a viral picture of Harry styles appearing to have a buzz cut whilst at a U2 concert, at the Sphere in Vegas #harrystyles #harry #buzzcut #harrystyleshair #harrystylesbuzzcut #sphere #lasvegas #showbiz #newhair #viral ","['harrystyles', 'harry', 'buzzcut', 'harrystyleshair', 'harrystylesbuzzcut', 'sphere', 'lasvegas', 'showbiz', 'newhair', 'viral']","harry styles, harry styles buzz cut, Harry Styles New Hair, harry styles seen with a buzz cut, sphere las vegas, harry styles buzz, the sphere in las vegas, buzz cut, Harry Styles Haircut, harry styles new hair buzz cut",Sec2Gr3_77217.csv,2023-11-07T06:47:46,2023-11-07
7298445331094687018,bleacherreport,Angel Reese Q&A üêÖ  #lsu #collegebasketball #lsutigers #angelreese ,"['lsu', 'collegebasketball', 'lsutigers', 'angelreese']","angel reese, 2 line layup, LSU Women's Basketball, lsu, angel reese highlights, candy corn, angel reese and shaq, angel reese basketball, angel reese and flaujae, angel reese gpa",Sec2Gr3_77217.csv,2023-11-06T15:15:50,2023-11-06
7153357621888617774,catchupnews,"Even though the senator did the test, which clearly pointed to her lies, she later distanced herself from the original DNA test by deleting all tweets, videos, and web pages that mentioned the test #catchupnews #elizabethwarren #nativeamerican #dnatest ","['catchupnews', 'elizabethwarren', 'nativeamerican', 'dnatest']",,Sec2Gr3_77217.csv,2022-10-11T16:41:07,2022-10-11
7190811564964891946,apnews,"Hilaria Baldwin responds to paparazzi after her husband, Alec Baldwin, is charged with involuntary manslaughter in fatal ‚ÄòRust‚Äô shooting. #rust #hilariabaldwin #alecbaldwin #apnews ","['rust', 'hilariabaldwin', 'alecbaldwin', 'apnews']","Alec Baldwin, baldwin accusations, alec baldwin hailey baldwin, alec baldwin and wife, alec baldwin now, hilaria baldwin cucumbers, hilaria thomas baldwin, Paparazzi, the baldwin family, speaking a fake language in public",Sec2Gr3_77217.csv,2023-01-20T14:01:51,2023-01-20
7295775797845953822,todayshow,What can we say? @LE SSERAFIM absolutely SLAYED their live US television debut on @TODAY with Hoda & Jenna ! #LESSERAFIM #LSRF #FEARNOT #YUNJIN #EUNCHAE #SAKURA #KAZUHA #TODAYShow,"['lesserafim', 'lsrf', 'fearnot', 'yunjin', 'eunchae', 'sakura', 'kazuha', 'todayshow']",,Sec2Gr3_77217.csv,2023-10-30T11:36:28,2023-10-30
7296035112133791022,aljazeeraenglish,,[],,Sec2Gr3_77217.csv,2023-10-31T04:22:44,2023-10-31
7289409163518561568,cgtneurope,Russia‚Äôs president Vladimir Putin has said that ‚ÄòWe hear (Israel) is preparing a ground operation in Gaza‚Äô and that ‚ÄòThe most important thing is to stop the bloodshed.‚Äô ,[],,Sec2Gr3_77217.csv,2023-10-13T07:50:34,2023-10-13
7215687852288478506,catchupnews,Katy Perry has revealed the secret of her famous 'doll eye' trick. #catchupnews #katyperry #secret #eye ,"['catchupnews', 'katyperry', 'secret', 'eye']",,Sec2Gr3_77217.csv,2023-03-28T15:54:17,2023-03-28
7218590742950776106,dailymail,The shocking truth behind America‚Äôs most inbred family #fyp #shocking #inbred #whittaker #westvirgini #documentary ,"['fyp', 'shocking', 'inbred', 'whittaker', 'westvirgini', 'documentary']","whitaker family 2023, the whitaker family documentary, john and gracie whittaker, most in bread fam, theo von, the whittakers family, Robert Whittaker, The Whittakers, vincent whitaker, Benjamin Whittaker",Sec2Gr3_77217.csv,2023-04-05T11:39:11,2023-04-05
7276187263627742507,catchupnews,"The Whittakers were first exposed to the general public by youtuber Mark Laita. They used to live an isolated life in a West Virginia village named Odd, but have been getting more visitors recently after becoming famous. #catchupnews #whittakers #family ","['catchupnews', 'whittakers', 'family']","Whitaker Family 2023, whittakers family family tree, ray whitaker, wrong turn, Wrong Turn Movie, The Whittakers, whitaker family tree, the whittakers family 2023, braxton whittaker, Benjamin Whittaker",Sec2Gr3_77217.csv,2023-09-07T16:42:58,2023-09-07
7088395289219976490,abcnews,"""That‚Äôs up to them,"" Pres. #JoeBiden says when asked if travelers should continue to wear #masks on #airplanes after #federal mask #mandate overturned. #news #covid19","['joebiden', 'masks', 'airplanes', 'federal', 'mandate', 'news', 'covid19']",,Sec2Gr3_77217.csv,2022-04-19T15:13:59,2022-04-19
7291723148087610667,60minutes,"Pink has built a global brand, selling $350 million dollars in tickets around the world so far this year. Cecilia Vega reports on the singer‚Äôs 25-year career. Sunday on 60 Minutes. ",[],,Sec2Gr3_77217.csv,2023-10-19T13:30:12,2023-10-19
7289168649267547423,thatgoodnewsgirl,"Fat Bear Week has ended and the results are in! This year, we have a first-time winner - and it‚Äôs well deserved. üèÜüêª  üì∏ explore.org / Fat Bear Week Bracket Tournament (FB) #fatbearweek #bearsoftiktok #wildlife #goodnews #positivecontent  ","['fatbearweek', 'bearsoftiktok', 'wildlife', 'goodnews', 'positivecontent']","Otis The Bear, fat otis, bears, Wildlife, Bear Videos, Bears Of TikTok, Wildlife Animals, Animals Of TikTok, wild animals of TikTok, Animal",Sec2Gr3_77217.csv,2023-10-12T16:17:22,2023-10-12
7288971272921500974,todayshow,"A fairytale ending to a fairytale night üí´üß° #taylorswift, #adamsandler #juliagarner and a full theater dance to #karma and celebrate the release of #theerastourmovie. #tstheerastour #tstheerastourmovie #erastourmovie ","['taylorswift,', 'adamsandler', 'juliagarner', 'karma', 'theerastourmovie.', 'tstheerastour', 'tstheerastourmovie', 'erastourmovie']",,Sec2Gr3_77217.csv,2023-10-12T03:31:28,2023-10-12
7291688132611722526,msnbc,"Trump's former lawyer and MAGA loyalist Sidney Powell pleads guilty in the Georgia election interference case. Powell was one Trump‚Äôs 18 co-defendants named in District Attorney Fani Willis‚Äô RICO indictment. As part of the plea agreement, Powell must ""testify truthfully about any codefendants"" and ""provide all documents‚Äù to D.A. Willis.  NBC's Laura Jarrett calls it ""devastating news"" for Trump.",[],,Sec2Gr3_77217.csv,2023-10-19T11:14:15,2023-10-19
7290146618114919723,wbznewsradio,"It's the great pumpkin, Charles River. #Boston #Massachusetts #NewEngland #HarvardUniversity #HarvardSquare #massachusettsinstituteoftechnology #CambridgeMA #AllstonMA #BrightonMA #CharlesRiver #WatertownMA #BostonUniversity #EmersonCollege #BostonCheck #BostonTikTok ","['boston', 'massachusetts', 'newengland', 'harvarduniversity', 'harvardsquare', 'massachusettsinstituteoftechnology', 'cambridgema', 'allstonma', 'brightonma', 'charlesriver', 'watertownma', 'bostonuniversity', 'emersoncollege', 'bostoncheck', 'bostontiktok']",,Sec2Gr3_77217.csv,2023-10-15T07:33:05,2023-10-15
7289426194586471687,todayonline,"Some half a million panda lovers üêº helped choose their names via online voting, the zoo at the #Everland theme park said, with a handful of lucky fans invited to Thursday's ceremony. #koreanews #tiktokkorea #giantpanda #ruibao #huibao","['everland', 'koreanews', 'tiktokkorea', 'giantpanda', 'ruibao', 'huibao']",,Sec2Gr3_77217.csv,2023-10-13T09:30:00,2023-10-13
7167865447923240238,brutamerica,"Millions of people hear her voice every day. Meet the woman behind TikTok‚Äôs text-to-speech voice, @voiceofkat.",[],"Kat Callaghan, this is black diamond, text to speech on tiktok, text to speech, original tiktok voice, voice text to speech, voiceofkat, voice girl, susan bennett, Text To Speech In Public",Sec2Gr3_77217.csv,2022-11-19T17:58:56,2022-11-19
7278120784881585450,espn,His reaction at the end üò≠ (via @chicagobears) #nfl #chicagobears #micdup ,"['nfl', 'chicagobears', 'micdup']","mic d up football, don't be chasing waterfalls, nfl mic'd up, zach pickens, NFL Mic'd Up Funny Moments, Travis Kelce Mic'd Up, NFL, zach pickens micd up, micd up, mic'd up football nfl",Sec2Gr3_77217.csv,2023-09-12T21:45:59,2023-09-12
7289168649267547423,thatgoodnewsgirl,"Fat Bear Week has ended and the results are in! This year, we have a first-time winner - and it‚Äôs well deserved. üèÜüêª  üì∏ explore.org / Fat Bear Week Bracket Tournament (FB) #fatbearweek #bearsoftiktok #wildlife #goodnews #positivecontent  ","['fatbearweek', 'bearsoftiktok', 'wildlife', 'goodnews', 'positivecontent']","Otis The Bear, fat otis, bears, Wildlife, Bear Videos, Bears Of TikTok, wildlife animals, Animals Of TikTok, wild animals of TikTok, Animal",Sec2Gr3_77217.csv,2023-10-12T16:17:22,2023-10-12
7286124079332003115,bleacherreport,Bron hits the 3 over Rui üëÄ  (Via @Lakers) #lebron #lebronjames #lakers #ruihachimura #nba #nbabasketball ,"['lebron', 'lebronjames', 'lakers', 'ruihachimura', 'nba', 'nbabasketball']",,Sec2Gr3_77217.csv,2023-10-04T11:23:04,2023-10-04
7283661738929638699,espn,That was smooth üëè (via @Prep Baseball Report Georgia) #baseball #hidden #trick #sports ,"['baseball', 'hidden', 'trick', 'sports']",,Sec2Gr3_77217.csv,2023-09-27T20:07:37,2023-09-27
7183623498152103173,bbc,Hobnobs = nobody's favourite biscuit üç™ #CunkOnShakespeare#iPlayer#PhilomenaCunk #Cunk,"['cunkonshakespeare#iplayer#philomenacunk', 'cunk']","philomena cunk, shakespeare invented words, ben crystal shakespeare, cunk on britain, ben crystal philomena, Shakespeare Quotes, Shakespeare in Love, cunk on history, Cunk on Earth",Sec2Gr3_77217.csv,2023-01-01T13:00:00,2023-01-01
7184376845901614341,bbc,No time for romance during the Black Plague üíî #CunkOnBritain  #iPlayer  #PhilomenaCunk,"['cunkonbritain', 'iplayer', 'philomenacunk']","philomena cunk, cunk britain, philomena, philomena cunk edit, cunkonbritain jesus, cunk on history, Black Death 2010 Movie, philomena cunk breaking character, black plague history, Cunk on Earth",Sec2Gr3_77217.csv,2023-01-03T05:51:35,2023-01-03
7275806719962271018,gma,@aespa official is serving all the looks in Times Square! ü´∂‚ú®üíóü´ßüòç #aespa #aespaongma #timessquare #kpop ,"['aespa', 'aespaongma', 'timessquare', 'kpop']",,Sec2Gr3_77217.csv,2023-09-06T16:06:09,2023-09-06
7309497257810726187,brutamerica,Panera Bread‚Äôs caffeinated ‚Äúcharged lemonade‚Äù has been accused of killing another person.  #fyp ,['fyp'],"Panera Charged Lemonade, charged lemonade, panera bread, panera bread charged lemonade, Panera Coffee, Lemonade, Panera Bread Bowl, Panera Bread Order, Panera Bread Soups, Panera Employee",Sec2Gr3_74721.csv,2023-12-06T10:02:43,2023-12-06
7305273374962371882,espn,It‚Äôs tough guarding Steph üòÇ #nba #basketball #stephcurry #victorwembanyama ,"['nba', 'basketball', 'stephcurry', 'victorwembanyama']",,Sec2Gr3_74721.csv,2023-11-25T00:52:01,2023-11-25
7309259574001847583,morningbrew,Whats going on at Spotify?  #spotify #layoffs #parody #tech #businessnews ,"['spotify', 'layoffs', 'parody', 'tech', 'businessnews']",,Sec2Gr3_74721.csv,2023-12-05T18:40:26,2023-12-05
7304658296500260129,pinknews,"#AmericanHorrorStory actress Sarah Paulson has shared some of the sweet reasons she remains infatuated with her girlfriend of nearly nine years, Holland Taylor. The 48-year-old #TheBear star has been in a relationship with 80-year-old #twoandahalfmen actress Taylor since 2015, and they have proved endless times that they are the very definition of #queercouple goals. During an appearance on US morning show The View on Tuesday (21 November) to discuss her new Broadway show Appropriate, Paulson took a moment to open up about their romance, and what it is specifically about Taylor that she loves so much. ‚ÄúI am thrilled and I feel very lucky to be with a person who is smarter, wiser, wittier than I, and that just makes my life better in every possible way,‚Äù Paulson explained. ‚ÄúIt helps me want to be a better person and a fully realised person. She just also makes me feel seen, which I think is the most important gift you can give to any person.‚Äù #sarahpaulson #hollandtaylorandsarahpaulson #hollandtaylor #lgbtnews #pinknews ","['americanhorrorstory', 'thebear', 'twoandahalfmen', 'queercouple', 'sarahpaulson', 'hollandtaylorandsarahpaulson', 'hollandtaylor', 'lgbtnews', 'pinknews']","Sarah Paulson, Holland Taylor, sarah paulson and her wife, Sarah Paulson And Holland Taylor, Sarah Paulson And Wife, Holland Taylor Young, sarah paulson movies, sarah paulson and holland taylor age gap, holland taylor movies, sarah paulson girlfriend",Sec2Gr3_74721.csv,2023-11-23T09:05:02,2023-11-23
7307359257362599214,nbcwashington,"As the winds whipped up and the temperatures plunged Monday night, thieves saw a good opportunity to steal some of those expensive coats. In 48 hours, coats worth more than $1,000 each were taken at gunpoint three times, D.C. police said. Gunmen got away with coats on Nebraska Avenue near American University, in Kalorama and near Logan Circle. In that case, the victim told police the gunmen pulled up in a silver sedan and took his black Moncler jacket worth $1,800. #DC #WashingtonDC #DistrictofColumbia #DMVnews #CanadaGoose #CanadaGooseJacket #MonclerJacket #WinterCoats","['dc', 'washingtondc', 'districtofcolumbia', 'dmvnews', 'canadagoose', 'canadagoosejacket', 'monclerjacket', 'wintercoats']",,Sec2Gr3_74721.csv,2023-11-30T15:46:05,2023-11-30
7307285645888638250,msnbc,Fox News' Jesse Watters criticized President Joe Biden for using a straw.,[],"jesse watters straw, joe biden straw, jesse waters, fox news straw, Jesse, jesse watters biden, Straw Cap, biden straw, joe biden used a straw, Straw Covers",Sec2Gr3_74721.csv,2023-11-30T11:00:41,2023-11-30
7301116091689045294,hollywoodreporter,author of #thehungergames #suzannecollins poses on the red carpet at the premiere ,"['thehungergames', 'suzannecollins']",,Sec2Gr3_74721.csv,2023-11-13T19:59:33,2023-11-13
7187831351863741701,c4news,UCAS gets rid of personal statements for university admissions. #ucas #university #c4news #channel4news,"['ucas', 'university', 'c4news', 'channel4news']",,Sec2Gr3_74721.csv,2023-01-12T13:16:43,2023-01-12
7301148849052192042,varietymagazine,"#RachelZegler  talks about her first day playing Lucy Gray Baird in #HungerGames  film ""The Ballad of Songbirds and Snakes.""","['rachelzegler', 'hungergames']",,Sec2Gr3_74721.csv,2023-11-13T22:06:36,2023-11-13
7282840229529013547,ajplus,You know who can‚Äôt access Jamaica‚Äôs white-sand beaches? Jamaicans.  #VisitJamaica #Jamaica #TravelJamaica #Caribbean #Vacation ,"['visitjamaica', 'jamaica', 'traveljamaica', 'caribbean', 'vacation']","Jamaica, jamaica beaches, Caribbean, Caribbean Vacation, tourism in the caribbean, Vacation Travel, Caribbean Beaches, Tourism, Travel And Vacation, vacation",Sec2Gr3_74721.csv,2023-09-25T14:59:53,2023-09-25
7304676813706431790,btnewsroom,BREAKING: Several pro-Palestine activists were arrested for staging a sit-in on the march route of the Macy‚Äôs Thanksgiving Day parade in New York City #palestine ,['palestine'],,Sec2Gr3_74721.csv,2023-11-23T10:16:59,2023-11-23
7298206039936257326,nbcsports,Joe Burrow speaks on the current state of this Bengals team. #bengals #joeburrow #nfl #nflfootball ,"['bengals', 'joeburrow', 'nfl', 'nflfootball']",,Sec2Gr3_74721.csv,2023-11-05T23:47:09,2023-11-05
7299491641176624430,nfl,writing these down brb üòÇ #joeburrow #cincinnatibengals #nfl #micdup ,"['joeburrow', 'cincinnatibengals', 'nfl', 'micdup']","Joe Burrow, nfl play calling, joe burrow mic'd up, bengals, joe burrow edits, longest nfl play call, patrick mahomes play call, football play calling, joe burrow injury, qb play calls",Sec2Gr3_74721.csv,2023-11-09T10:56:01,2023-11-09
7299906638071254314,btnewsroom,"Thousands of Egyptian fans of the Al-Ahly Football Club, based out of Cairo, chant in solidarity with Palestine. #Palestine #StandWithPalestine #FreePalestine #Gaza #Egypt ","['palestine', 'standwithpalestine', 'freepalestine', 'gaza', 'egypt']",,Sec2Gr3_74721.csv,2023-11-10T13:46:10,2023-11-10
7302174593232424198,ctvnews,"Security camera footage shows the moment a deer crashed through a restaurant window in Martin, Tennessee, on November 13.   Video shared by the restaurant owner, shows the deer crashing through the window, and scattering shards of glass onto the diners. The deer runs through the restaurant as shocked wait staff give way, allowing the deer to run out through the back door.   A teen sitting by the window suffered an injury in the incident and received 11 stitches at a nearby hospital, according to reports.   üé•: The Grind via Storyful #deer #animal #caughtoncamera #wildanimals #restaurant #window #dinner #tennessee #securitycamera #news #ctvnews ","['deer', 'animal', 'caughtoncamera', 'wildanimals', 'restaurant', 'window', 'dinner', 'tennessee', 'securitycamera', 'news', 'ctvnews']",,Sec2Gr3_74721.csv,2023-11-16T16:26:55,2023-11-16
7143655386845990190,hollywoodreporter,#balladsofsongbirdsandsnakes star #rachelzegler talks about the dynamic of working on the #hungergames prequel,"['balladsofsongbirdsandsnakes', 'rachelzegler', 'hungergames']",,Sec2Gr3_74721.csv,2022-09-16T00:00:00,2022-09-16
7302456252372716830,nowthis,"‚ÄòIt feels like I‚Äôm finally showing the world the person that I‚Äôve always been‚Äô ‚Äî Bernadette ‚ÄòBernie‚Äô Wagenblast, the iconic voice behind the NYC subway system, opens up about finding her voice through her gender transition #SEEN #nyctrain #subway #bernadettewagenblast ","['seen', 'nyctrain', 'subway', 'bernadettewagenblast']",,Sec2Gr3_74721.csv,2023-11-17T10:40:01,2023-11-17
7301769517041126702,nbcnews,A boat transporting tourists from #ParadiseIsland to #BlueLagoon Island started to sink in the #Bahamas.,"['paradiseisland', 'bluelagoon', 'bahamas.']",,Sec2Gr3_74721.csv,2023-11-15T14:15:04,2023-11-15
7296577583070858542,bleacherreport,4 jerseys in one game is WILD ü§Ø  (Via @NFL)  #nfl #nflfootball #football #cowboys #dallascowboys ,"['nfl', 'nflfootball', 'football', 'cowboys', 'dallascowboys']","emmitt smith breaks record, emmit smith, emmitt smith highlights, Football, NFL Football, cowboys, NFL, Dallas Cowboys Football, emmit smith rushing record, football jerseys",Sec2Gr3_74721.csv,2023-11-01T15:27:49,2023-11-01
7299790140522712353,middleeasteye,"‚ÄúWe are at 10,000 dead Palestinians. How many will be enough?‚Äù Florida state representative Angie Nixon delivered an emotional speech calling for a ceasefire in Gaza in the Florida House of Representatives. Nixon asked how many dead Palestinians would be enough, to which Republican representative Michelle Salzman can be heard saying ‚Äúall of them‚Äù.",[],,Sec2Gr3_74721.csv,2023-11-10T06:14:04,2023-11-10
7300524041641725226,dailymail,"'Karma is the guy on the Chiefs, coming straight home to me'. #fyp #taylorswift #traviskelce #erastour #argentina #lyrics #karma ","['fyp', 'taylorswift', 'traviskelce', 'erastour', 'argentina', 'lyrics', 'karma']","karma is the guy on the chiefs, travis kelce taylor swift, travis kelce, Taylor Swift, Chiefs, taylor and travis kelce, karma is the guy on the chiefs artinya, taylor swift argentina, taylor swift karma lyric change, taylor running to travis",Sec2Gr3_74721.csv,2023-11-12T05:42:55,2023-11-12
7300451840007851310,nfl,this is so cute ü•π #traviskelce #taylorswift #kansascitychiefs #erastour #nfl  (via @Flor Mosso) ,"['traviskelce', 'taylorswift', 'kansascitychiefs', 'erastour', 'nfl']",,Sec2Gr3_74721.csv,2023-11-12T01:02:02,2023-11-12
7297705630566190382,accuweather,Beware of elk rutting season! ‚ö†Ô∏èü¶å An Alberta couple captured this wild scene while driving to Jasper National Park when a bull elk rammed a stopped car in front of them. #elk #ruttingseason #alberta #jasper #jaspernationalpark #canada #wildlife #nature #viraltiktok #foryoupage ,"['elk', 'ruttingseason', 'alberta', 'jasper', 'jaspernationalpark', 'canada', 'wildlife', 'nature', 'viraltiktok', 'foryoupage']","elk rutting season, elk rutting, Elk, rutting season, elk screaming, elk shedding antlers, elk attacking, jasper national park, elk vs moose, elk hitting cars",Sec2Gr3_74721.csv,2023-11-04T16:25:18,2023-11-04
7296894913390595374,cbsmornings,"Taylor Lautner‚Äôs wife, Taylor Lautner, calls Taylor Swift ‚Äúan angel of a human.‚Äù ",[],"taylor lautner, Taylor Lautner And Taylor Swift, taylor lautner wife, Taylor Swift, Taylor Lautner Taylor Swift, Taylor And Taylor Lautner, Taylor, Kaia Gerber And Tay Lautner, Taylor Lautner Talks About Taylor Swift, Taylor Lautner On Stage",Sec2Gr3_74721.csv,2023-11-02T11:59:16,2023-11-02
7298513119947541790,morningbrew,An honest business school ad #mba #businessschool #harvard #parody ,"['mba', 'businessschool', 'harvard', 'parody']",,Sec2Gr3_74721.csv,2023-11-06T19:38:39,2023-11-06
7285896623903788334,abc7newsbayarea,"@Starbucks announced it will be closing seven stores in San Francisco later this month. Employees will not lose their jobs and will be offered to transfer to other locations, the coffee giant said. #starbucks #sanfrancisco #sf #downtown #location #locations #close #closed #closing #closure #closures #employee #employees #job #jobs #employment #coffee #news #fyp #foryoupage #abc7news ","['starbucks', 'sanfrancisco', 'sf', 'downtown', 'location', 'locations', 'close', 'closed', 'closing', 'closure', 'closures', 'employee', 'employees', 'job', 'jobs', 'employment', 'coffee', 'news', 'fyp', 'foryoupage', 'abc7news']","starbucks, starbucks closing, starbucks closed down, San Francisco, why is starbucks closing, starbucks losing money, Starbucks Coffee, San Francisco Shop, Starbucks USA, Starbucks Barista",Sec2Gr3_74721.csv,2023-10-03T20:40:12,2023-10-03
7294109482823486751,bleacherreport,Russell Westbrook is dunking all over the Blazers üò≥üî• #russ #russellwestbrook #nba ,"['russ', 'russellwestbrook', 'nba']",,Sec2Gr3_74721.csv,2023-10-25T23:50:17,2023-10-25
7296206345924005166,nbcnews,#BostonUniversity students dropped #pumpkins filled with various substances 70 feet off of a rooftop as part of a #physics experiment on parabolic trajectory and #gravity.,"['bostonuniversity', 'pumpkins', 'physics', 'gravity.']",,Sec2Gr3_74721.csv,2023-10-31T15:27:15,2023-10-31
7290648550046747946,abc7la,"Your eyes are playing tricks on you! It looks like this plane is hanging in midair but it‚Äôs actually an optical #illusion called the ""parallax effect."" That's when you're moving past another moving object and it appears stuck. But some are calling it a ""glitch in the #matrix."" üëÄ","['illusion', 'matrix.""']","parallax effect, plane stuck in mid air, parallax effect explained, parallax effect plane explained, glitch in the matrix, parallax effect plane, frozen plane, what is parallax effect, san francisco plane, parallax",Sec2Gr3_74721.csv,2023-10-16T16:00:08,2023-10-16
7290146618114919723,wbznewsradio,"It's the great pumpkin, Charles River. #Boston #Massachusetts #NewEngland #HarvardUniversity #HarvardSquare #massachusettsinstituteoftechnology #CambridgeMA #AllstonMA #BrightonMA #CharlesRiver #WatertownMA #BostonUniversity #EmersonCollege #BostonCheck #BostonTikTok ","['boston', 'massachusetts', 'newengland', 'harvarduniversity', 'harvardsquare', 'massachusettsinstituteoftechnology', 'cambridgema', 'allstonma', 'brightonma', 'charlesriver', 'watertownma', 'bostonuniversity', 'emersoncollege', 'bostoncheck', 'bostontiktok']",,Sec2Gr3_74721.csv,2023-10-15T07:33:05,2023-10-15
7291397063374425390,nbc10boston,"Protesters calling to ‚Äústop the genocide in Gaza‚Äù held a die-in at the Harvard Business School campus Wednesday. At one point, a handful briefly engaged with a person walking among them. More at nbcboston.com.  #israel #hamas #boston #massachusetts #news #video #fyp","['israel', 'hamas', 'boston', 'massachusetts', 'news', 'video', 'fyp']","harvard palestine, harvard students palestine, harvard, student group at harvard, harvard university palestine, harvard university, Regena In Harvard, Harvard Dorm, harvard jada ross, harvard yale",Sec2Gr3_74721.csv,2023-10-18T16:24:40,2023-10-18
7286586486785314094,dailymail,An Airbnb tenant has REFUSED to leave an LA guest home after OVERSTAYING by 540 DAYS and living RENT FREE #fyp #squatter #rentfree #losangeles #tenant #eviction #viral ,"['fyp', 'squatter', 'rentfree', 'losangeles', 'tenant', 'eviction', 'viral']","flesh shelton, jovanavich airbnb, Squatter, airbnb squatter, charlie leduff squatters, sasha jovanovic airbnb, guy lives with squatters, air bnb, Rent House, Rental Los Angeles",Sec2Gr3_74721.csv,2023-10-05T17:17:19,2023-10-05
7286615517857680683,espn,ü§£ü§£ #golf #alligator #golftok #brave ,"['golf', 'alligator', 'golftok', 'brave']","aligator, Golf, golf video, Golf TikTok, Golf Swing, Alligator Man, Golf Funny Videos, alligator running fast, Cute Alligators, Alligator Running",Sec2Gr3_74721.csv,2023-10-05T19:10:02,2023-10-05
7289265162261908779,usatoday,"Nikki Haley says she is ""unapologetically pro-life"" and seeking common ground on the abortion debate.",[],"nikki haley lgbt, nikki haley 2024 president, nikki haley trans rights, nikki haley on israel, pro life vs pro choice, NIKI, nikki haley punjabi, late term abortion",Sec2Gr3_74721.csv,2023-10-12T22:31:52,2023-10-12
7290146618114919723,wbznewsradio,"It's the great pumpkin, Charles River. #Boston #Massachusetts #NewEngland #HarvardUniversity #HarvardSquare #massachusettsinstituteoftechnology #CambridgeMA #AllstonMA #BrightonMA #CharlesRiver #WatertownMA #BostonUniversity #EmersonCollege #BostonCheck #BostonTikTok ","['boston', 'massachusetts', 'newengland', 'harvarduniversity', 'harvardsquare', 'massachusettsinstituteoftechnology', 'cambridgema', 'allstonma', 'brightonma', 'charlesriver', 'watertownma', 'bostonuniversity', 'emersoncollege', 'bostoncheck', 'bostontiktok']",,Sec2Gr3_74721.csv,2023-10-15T07:33:05,2023-10-15
7289148715854482719,insideedition,"A New Yorker, watching from an apartment across the street, cannot believe his eyes. From a distance, photographer @kieranknightley thinks he sees out-of-control flames inside a #Manhattan high-rise. After he called 911, firefighters rushed to the scene.  Turns out, those were not real flames. Instead, it was a #Yulelog fire video being played on a big TV screen in Ali Lyons' apartment.","['manhattan', 'yulelog']","Hallmark Movie, allie lyon, kieranknightley, yule log fire neighbor, allie lyon yule log, yule log fire, though see flame at a nearby building, ali lyons fire, i see flames, fake fire",Sec2Gr3_74721.csv,2023-10-12T18:00:00,2023-10-12
7288763213821463854,nowthis,"From Seoul to New York, protests on behalf of Palestine have unfolded across the globe #palestine #protests #israel #news ","['palestine', 'protests', 'israel', 'news']",,Sec2Gr3_74721.csv,2023-10-11T14:04:14,2023-10-11
7289551496524467502,varietymagazine,"Here is the full setlist for Taylor Swift's #erastour concert film: Lover Era: ‚ÄúMiss Americana & the Heartbreak Prince‚Äù (excerpt) ‚ÄúCruel Summer‚Äù ‚ÄúThe Man‚Äù ‚ÄúYou Need to Calm Down‚Äù ‚ÄúLover‚Äù Fearless Era: ‚ÄúFearless‚Äù ‚ÄúYou Belong With Me‚Äù ‚ÄúLove Story‚Äù Evermore Era: ‚ÄúWillow‚Äù ‚ÄúMarjorie‚Äù ‚ÄúChampagne Problems‚Äù ‚ÄúTolerate It‚Äù Reputation Era: ‚Äú‚Ä¶Ready for It?‚Äù ‚ÄúDelicate‚Äù ‚ÄúDon‚Äôt Blame Me‚Äù ‚ÄúLook What You Made Me Do‚Äù Speak Now Era: ‚ÄúEnchanted‚Äù Red Era: ‚Äú22‚Ä≤ ‚ÄúWe Are Never Ever Getting Back Together‚Äù ‚ÄúI Knew You Were Trouble‚Äù ‚ÄúAll Too Well (10 Minute Version)‚Äù Folklore Era: ‚ÄúThe 1‚Äù ‚ÄúBetty‚Äù ‚ÄúThe Last Great American Dynasty‚Äù ‚ÄúAugust‚Äù ‚ÄúIllicit Affairs‚Äù (excerpt) ‚ÄúMy Tears Ricochet‚Äù 1989 Era: ‚ÄúStyle‚Äù ‚ÄúBlank Space‚Äù ‚ÄúShake It Off‚Äù ‚ÄúWildest Dreams‚Äù ‚ÄúBad Blood‚Äù Surprise Set:  ‚ÄúOur Song,‚Äù played on guitar ‚ÄúYou‚Äôre on Your Own, Kid,‚Äù played on piano Midnights Era: ‚ÄúLavender Haze‚Äù ‚ÄúAnti-Hero‚Äù ‚ÄúMidnight Rain‚Äù ‚ÄúVigilante Shit‚Äù ‚ÄúBejeweled‚Äù ‚ÄúMastermind‚Äù ‚ÄúKarma‚Äù End titles: ‚ÄúLong Live (Taylor‚Äôs Version)‚Äù (studio track)",['erastour'],,Sec2Gr3_74721.csv,2023-10-13T17:03:04,2023-10-13
7281844949773978923,6abcactionnews,"Temple students can log into their Uber account using their school email and enter the code ""Temple Ride Home"" #fyp #fyp„Ç∑ #uber #templeuniversity #templeowls #6abc #news","['fyp', 'fyp„Ç∑', 'uber', 'templeuniversity', 'templeowls', '6abc', 'news']",,Sec2Gr3_74721.csv,2023-09-22T22:38:23,2023-09-22
7288737483200941358,nbcchicago,"Dorothy Hoffner, a lifelong Chicagoan and centenarian who recently set a world record for being the oldest person to ever participate in a tandem skydive, has passed away just a week after her incredible jump. Officials at the Brookdale Senior Living Center confirmed that Hoffner died in her sleep on Sunday night. #chicago #chicagonews #skydiving #skydive ","['chicago', 'chicagonews', 'skydiving', 'skydive']","dorothy hofner, Skydiving, dorothy, 104 skydive, 104 old grandma skydiving record, Skydiving Into Water, skydiving videos, Oldest Person In The World, The Oldest Human In The World, brookdale senior living",Sec2Gr3_74721.csv,2023-10-11T12:24:27,2023-10-11
7286501833495940383,nbcnews,President #Biden chuckled after a reporter asked him what his advice to the next speaker of the House would be.,['biden'],,Sec2Gr3_74721.csv,2023-10-05T11:49:01,2023-10-05
7288868567003614510,todayshow,#taylorswift has arrived at the #tserastourmovie premiere!!! ,"['taylorswift', 'tserastourmovie']",,Sec2Gr3_74721.csv,2023-10-11T20:52:52,2023-10-11
7267091322559843616,bbcnews,One Hawaii resident says some tourists are carrying on with their holidays as normal after at least 93 people died in wildfires. #Lahaina #Maui #Hawaii #HawaiiFire #Wildfire #MauiFire #Tourism #US #ExtremeWeather #BBCNews,"['lahaina', 'maui', 'hawaii', 'hawaiifire', 'wildfire', 'mauifire', 'tourism', 'us', 'extremeweather', 'bbcnews']","hawaii tourists, maui tourists, hawaii, Lahaina Hawaii, Maui, Maui Hawaii, Fire Island, Fire Island 2022, Tourist, Lahaina Banyan Tree",Sec2Gr3_74721.csv,2023-08-14T04:26:21,2023-08-14
7287837532161625377,middleeasteye,"Palestinian ambassador to the UK blasts the BBC for its biased coverage.  ‚ÄúDon't equate between the occupied and the occupier‚Äù Husam Zomlot, the head of the Palestinian Mission to the UK, blasted the BBC over its biased coverage during an interview in which he was asked whether he would condemn the unprecedented military attack by Hamas on Israel. #BBC #israel #Palestinian #ambassador #Gaza #learnontiktok #foryou #viral #London #bbcnews ","['bbc', 'israel', 'palestinian', 'ambassador', 'gaza', 'learnontiktok', 'foryou', 'viral', 'london', 'bbcnews']",,Sec2Gr3_74721.csv,2023-10-09T02:12:00,2023-10-09
7285777286316510470,ctvnews,"If you‚Äôre stuck in traffic on Hwy. 400 Tuesday, the root of the problem is likely celery.   Ontario Provincial Police said a commercial motor vehicle rolled over on the 400-series highway just south of Hwy. 9, near Aurora, Ont.   No injuries have been reported. #breakingnews #truck #highway #ontario #gta #toronto #rollover #spil #cleanup #opp #police #traffic #car #celery #news #canada #ctvnews ","['breakingnews', 'truck', 'highway', 'ontario', 'gta', 'toronto', 'rollover', 'spil', 'cleanup', 'opp', 'police', 'traffic', 'car', 'celery', 'news', 'canada', 'ctvnews']",,Sec2Gr3_74721.csv,2023-10-03T12:56:59,2023-10-03
7284629865473625387,espn,What a tackle though üòÇ (via @Matt Jensen) #baseball #football #tackle #funny ,"['baseball', 'football', 'tackle', 'funny']",,Sec2Gr3_74721.csv,2023-09-30T10:44:40,2023-09-30
