video_id,video_keywords,video_description,suggested_words
7303352147972721962,"['hillary', 'clinton', 'email', 'interview', 'kim', 'jong', 'un', 'putin', 'president', 'trump', 'please', 'save', 'us', 'hillary', 'clinton', 'emails', 'two', 'ferns', 'hillary', 'clinton', 'im', 'joe', 'bidens', 'husband', 'hey', 'everyone', 'im', 'joe', ""biden's"", 'husband', 'bing', 'bing', 'trump', 'president', 'trump', 'see', 'please', 'say', 'us', 'history', 'moments', 'bing', 'bing', 'johnkennedy', 'joebiden', 'donaldtrump', 'hillaryclinton', 'uspolitics', 'politics']",Bing bing #johnkennedy #joebiden #donaldtrump #hillaryclinton #uspolitics #politics ,"hillary clinton email interview, kim jong un and putin, president trump please save us, hillary clinton emails, between two ferns hillary clinton, im joe bidens husband, hey everyone im joe biden's husband, bing bing trump, president trump if you see this please say this, us history moments"
7301947792623406382,"['jaime', 'schaefer', 'codepink', 'medea', 'benjamin', 'zionists', 'angry', 'jamie', 'schaefer', 'israel', 'zionist', 'melinda', 'strauss', 'zionist', 'visit', 'israel', 'zionists', 'explained', 'pleasure', 'accompanying', 'medea', 'walk', 'around', 'proisrael', 'rally', 'today', 'founder', 'codepinka', 'feminist', 'grassroots', 'organization', 'working', 'end', 'us', 'warfare', 'imperialism', 'support', 'peace', 'human', 'rights', 'initiatives', 'redirect', 'resources', 'healthcare', 'education', 'green', 'jobs', 'lifeaffirming', 'programs', 'lifeaffirming', 'programs', 'investments', 'social', 'programs', 'uplift', 'human', 'dignity', 'instead', 'tear', 'medea', 'one', 'courageous', 'wise', 'women', 'ive', 'ever', 'around', 'deserves', 'celebrated', 'offered', 'utmost', 'right', 'freedom', 'expression', 'respect', 'parks', 'public', 'spaces', 'washington', 'dc', 'yet', 'assaulted', 'things', 'women', 'wish', 'areutterly', 'vile', 'viscerally', 'appalling', 'two', 'women', 'nerve', 'wish', 'torture', 'death', 'position', 'human', 'understanding', 'peace', 'human', 'dignity', 'havent', 'seen', 'hate', 'life', 'held', 'medea', 'amongst', 'landscape', 'largely', 'mass', 'mindless', 'whitesettler', 'mob', 'mentality', 'later', 'told', 'afraid', 'one', 'might', 'actually', 'try', 'follow', 'kill', 'experienced', 'intensity', 'hatred', 'wow', 'speaks', 'intensity', 'hateful', 'propaganda', 'conditioning', 'takes', 'intensity', 'hateful', 'indoctrination', 'rally', 'nation', 'progenocide', 'zionist', 'endzionism', 'endzionistapartheid', 'israelisnotreal', 'freepalestine', 'savepalestine', 'viral', 'israelwarcrimes', 'israelwarcriminal', 'trending', 'shame', 'shameonisrael']","„Éª„Éª„Éª Had the pleasure of accompanying Medea to walk around the pro-Israel rally today. She is the founder of CODEPINK‚Äîa feminist grassroots organization working to end U.S. warfare and imperialism, support peace and human rights initiatives, and redirect resources into healthcare, education, green jobs and other life-affirming programs.  Life-affirming programs are investments in social programs that uplift human dignity instead of tear it down.  Medea is one of the most courageous and wise women I‚Äôve ever been around. She deserves to be celebrated and offered the utmost right to freedom of expression and respect in parks and public spaces in Washington DC; yet she is being assaulted. The things these women wish on her are‚Ä¶utterly vile; viscerally appalling; these two women had the nerve to wish her torture and death for a position of human understanding, peace, human dignity. I haven‚Äôt seen such hate in my life. Held it down with Medea!! Amongst a landscape that was largely a mass of mindless white-settler mob mentality. Later she told me she was afraid that one of them might actually try to follow and kill her. We both had not experienced that intensity of hatred. Wow! It speaks to the intensity of the hateful propaganda they are being conditioning with. It takes this intensity of hateful indoctrination to rally a nation to pro-genocide. #zionist #endzionism #endzionistapartheid #israelisnotreal #freepalestine #savepalestine #viral #israelwarcrimes #israelwarcriminal #trending #shame #shameonisrael ","jaime schaefer, codepink, medea benjamin, zionists being angry, jamie schaefer israel, what are zionist, melinda strauss zionist, visit israel, zionists explained"
7304509572847521070,"['hunger', 'games', 'hunger', 'games', 'snow', 'hunger', 'games', 'finnick', 'odair', 'lucy', 'gray', 'coriolanus', 'snow', 'lucy', 'gray', 'baird', 'hunger', 'games:', 'ballad', 'songbirds', '&', 'snakes', 'sejanus', 'plinth', 'hunger', 'games', 'clips', 'bro', 'almost', 'succeeded', 'presidentsnow', 'coriolanussnow', 'finnickodair', 'deanhighbottom', 'sejanusplinth', 'lucygraybaird', 'thehungergames', 'katnisseverdeen', 'theballadofsongbirdsandsnakes', 'lucygray', 'mockingjay', 'catchingfire', 'peetamellark', 'tigrissnow', 'primroseeverdeen', 'jessup', 'finnick', 'haymitchabernathy']",bro almost succeeded too #presidentsnow #coriolanussnow #finnickodair #deanhighbottom #sejanusplinth #lucygraybaird #thehungergames #katnisseverdeen #theballadofsongbirdsandsnakes #lucygray #mockingjay #catchingfire #peetamellark #tigrissnow #primroseeverdeen #jessup #finnick #haymitchabernathy ,"the hunger games, Hunger Games, snow hunger games, finnick odair, Lucy Gray, coriolanus snow, lucy gray baird, The Hunger Games: The Ballad Of Songbirds & Snakes, sejanus plinth, The Hunger Games Clips"
7292807063544089899,"['disney', 'disney', 'card', 'game', 'maltese', 'dog', 'bring', 'pets', 'college', 'frat', 'dog', 'dog', 'videos', 'dog', 'tiktok', 'maltesers', 'dog', 'mom', 'funny', 'dog', 'lolo', 'went', 'crazy', 'college', 'years', 'dont', 'like', 'responsible', 'lifeoftheparty', 'maltesedog', 'dogincollege', 'collegedog', 'collegedogmom']",Lolo went crazy during his college years. Don‚Äôt be like him. Be responsible. #lifeoftheparty #maltesedog #dogincollege #collegedog #collegedogmom ,"Disney, disney 100 card game, Maltese Dog, can you bring pets to college, Frat Dog, dog videos, Dog Of TikTok, Maltesers, Dog Mom, funny dog"
7304507498411642143,"['th', 'hunger', 'games', 'destroyed', 'hunger', 'games', 'panem', 'plus', 'th', 'hunger', 'games', 'hunger', 'games', 'songbirds', 'snakes', 'hunger', 'games', 'stars', 'ballad', 'songbirds', 'snakes', 'panem+', 'panem', 'hunger', 'games', 'lucy', 'gray', 'im', 'hoping', 'man', 'peeta', 'wins', 'stars', 'hungergames', 'theballadofsongbirdsandsnakes', 'tbosas', 'katnisseverdeen', 'lucygraybaird', 'peetamellark']",Im hoping my man peeta wins All Stars ü©∑ #hungergames #theballadofsongbirdsandsnakes #tbosas #katnisseverdeen #lucygraybaird #peetamellark ,"why was the 10th hunger games destroyed, hunger games, what is panem plus, 10th hunger games, hunger games songbirds and snakes, hunger games all stars, ballad of songbirds and snakes, what is panem+, panem hunger games, Lucy Gray"
7289144616002014506,"['chris', 'olsen', 'taylor', 'swift', 'beyonce', 'husband', 'celebrity', 'murder', 'mystery', 'game', 'murder', 'mystery', 'movie', 'celebrity', 'elizabeth', 'olsen', 'chris', 'olsen', 'chris', 'olsen', 'meets', 'harry', 'styles', 'beyonce', 'chris', 'olsen', 'delivering', 'coffee', 'love', 'like', 'friend', 'patrick', 'johnson', 'good', 'murdermystery', 'taylorswift', 'beyonce', 'harrystyles', 'selenagomez', 'kanyewest', 'joke', 'edsheeran', 'chrisolsen']",‚ÄúI LOVE HIM‚Ä¶ LIKE A FRIEND‚Äù @Patrick Johnson this was good #murdermystery #taylorswift #beyonce #harrystyles #selenagomez #kanyewest #joke #edsheeran #chrisolsen ,"chris olsen, Taylor Swift, beyonce husband, celebrity murder mystery game, Murder Mystery Movie, celebrity, Elizabeth Olsen And Chris Olsen, Chris Olsen Meets Harry Styles, beyonce, chris olsen delivering coffee"
7303336968249675050,"['homework', 'guy', 'praying', 'trump', 'president', 'trump', 'please', 'save', 'us', 'homework', 'excuses', 'donald', 'trump', 'drinker', 'trump', 'speech', 'abdu', 'shane', 'gillis', 'trump', 'see', 'please', 'save', 'us', 'trump', 'lady', 'meme', 'real', 'women', 'vote', 'trump', 'president', 'trump']",president trump ü•∫,"Doing Homework, guy praying to trump, president trump please save us, homework excuses, donald trump drinker, trump speech after abdu shane gillis, trump if you see this please save us, trump 2021 lady meme, real women vote trump"
7307108677889117482,"['message', 'president', 'snow', 'wow', 'strong', 'message', 'burn', 'burn', 'us', 'hunger', 'games', 'president', 'snow', 'katniss', 'everdeen', 'strong', 'message', 'hunger', 'games', 'songbirds', 'snakes', 'snow', 'hunger', 'games', 'anesthesia', 'funny', 'video', 'apparently', 'anesthesia', 'turns', 'katniss', 'hungergames', 'mockingjay', 'katniss', 'katnisseverdeen', 'balladofsongbirdsandsnakes', 'theballadofsongbirdsandsnakes', 'presidentsnow', 'surgery', 'anesthesia', 'funny', 'weird', 'jenniferlawrence', 'moviequotes', 'acting', 'catchingfire']",Apparently anesthesia turns me into Katniss #hungergames #mockingjay #katniss #katnisseverdeen #balladofsongbirdsandsnakes #theballadofsongbirdsandsnakes #presidentsnow #surgery #anesthesia #funny #weird #jenniferlawrence #moviequotes #acting #catchingfire ,"this is a message for president snow, wow this is a strong message, if we burn you burn with us, Hunger Games, president snow, Katniss Everdeen, this is a strong message, hunger games songbirds and snakes, snow hunger games, anesthesia funny video"
7292575587179203882,"['duet', 'new', 'york', 'comic', 'con', 'nycc', 'umber', 'ashes', 'made', 'depth', 'video', 'explaining', 'like', 'said', 'cool', 'costume', 'stop', 'hating', 'others', 'win', 'saying', 'mimic', 'guy', 'robbed', 'newyorkcitycomiccon', 'mimicdnd', 'soreloser']","#duet with @New York Comic Con #NYCC @Umber and Ashes made a more in depth video explaining. Like i said, cool costume, but stop hating on the others who did win and saying ‚Äúmimic guy was robbed‚Äù #newyorkcitycomiccon #mimicdnd #soreloser ",
7289960009230765342,"['disney', 'text', 'tv', 'disney', 'apple', 'tv', 'apple', 'tv', 'text', 'apple', 'tv', 'touch', 'screen', 'soy', 'tan', 'petit', 'text', 'tv', 'roku', 'disney', 'card', 'game', 'notifications', 'silenced', 'whoever', 'came', 'needs', 'million', 'years', 'jail', 'theonlyfamousbrian', 'relatable']",Whoever came up with this needs a million years in jailüòíüòÇ #theonlyfamousbrian #relatable ,"disney 100, How To Text On Tv, disney, Apple Tv, apple tv text, apple tv touch screen, soy tan petit, How To Text On Tv On Roku, disney 100 card game, notifications silenced"
7292426141556624683,"['mrsim', 'tired', 'working', 'car', 'isnt', 'even', 'name', 'student', 'loans', 'worry', 'dixie', 'oh', 'hard', 'must', 'ur', 'tv', 'show', 'million', 'net', 'worth', 'let', 'alone', 'willingly', 'signed', 'record', 'label', 'try', 'gain', 'fame', 'elsewhere', 'dixie', 'dixiedamelio', 'marrytherich', 'charli', 'viral', 'like', 'relatable']","mrs.im so tired of working - my car isnt even in my name and now i have student loans to worry about dixie, oh how hard it must be having ur own tv show and $30 million net worth.. let alone how she willingly signed a record label to try to gain fame elsewhere.. #fyp #foryou #foryoupage #dixie #dixiedamelio #marrytherich #charli #viral #like #relatable",
7302124924758560046,"['okitsval', 'starbucks', 'jules', 'starbucks', 'jules', 'tony', 'varas', 'starbucks', 'jules', 'apology', 'video', 'jules', 'apology', 'video', 'starbucks', 'v', 'starbucks', 'boycott', 'starbucks', 'v', 'starbucks', 'starbucks', 'red', 'cup', 'blame', 'period', 'time', 'went', 'unions', 'demonized', 'yall', 'getting', 'online', 'show', 'completely', 'lack', 'solidarity', 'redcuprebellion', 'starbuckssucks', 'workerssolidarity', 'workersrightsarehumanrights', 'classsolidarity', 'prounion', 'palestinianliberation', 'classconciousness', 'blacklivesmattermovement']",I blame that period of time that we went through where unions were demonized because now y‚Äôall getting online to show you completely lack solidarity  #redcuprebellion #starbuckssucks #workerssolidarity #workersrightsarehumanrights #classsolidarity #prounion #palestinianliberation #classconciousness #blacklivesmattermovement ,"okitsval starbucks, jules starbucks, Jules, tony varas starbucks, jules apology video, jules apology video starbucks, v starbucks boycott, Starbucks, v 3 starbucks, starbucks red cup 2023"
7305189401242635566,"['tom', 'blyth', 'tom', 'blyth', 'edit', 'hunger', 'games:', 'ballad', 'songbirds', '&', 'snakes', 'ballad', 'songbirds', 'snakes', 'hunger', 'games', 'ballad', 'songbirds', 'hunger', 'games', 'songbirds', 'snakes', 'hunger', 'games', 'buzzcut', 'hairstyle', 'hunger', 'games', 'hairstyle', 'tom', 'blyths', 'hair', 'journey', 'hunger', 'games', 'ballad', 'songbirds', 'snakes', 'tom', 'wore', 'wig', 'shoot', 'nicknamed', 'alphonse', 'blonde', 'buzzcut', 'peacekeeper', 'scenes', 'dye', 'every', 'two', 'weeks', 'toupee', 'used', 'later', 'snow', 'scenes', 'finally', 'buzzcut', 'wig', 'used', 'reshoots', 'hair', 'grown', 'cant', 'believe', 'amazing', 'wigs', 'looked', 'usually', 'find', 'wigs', 'films', 'distracting', 'bought', 'every', 'one', 'thehungergames', 'theballadofsongbirdsandsnakes', 'thg', 'hungergames', 'balladofsongbirdsandsnakes', 'songbirdsandsnakes', 'tomblyth', 'coriolanussnow', 'tbosas', 'tboss', 'coryo', 'behindthescenes', 'moviemagic', 'hairandmakeup', 'ontheset', 'thecovey', 'balladofsongbirdsandsnakessoundtrack']","Tom Blyth‚Äôs hair journey in The Hunger Games: The Ballad of Songbirds & Snakes. üíáüèº‚Äç‚ôÇÔ∏è Tom wore a WIG for most of the shoot (which he nicknamed Alphonse). He had a blonde buzzcut for the Peacekeeper scenes that they had to dye every two weeks. A toupee was used for the later Snow scenes. And finally, a buzzcut WIG was used for reshoots after his hair had grown out. I can‚Äôt believe how amazing the wigs looked. I usually find wigs in films distracting, and I bought every one of these. #TheHungerGames #theballadofsongbirdsandsnakes #thg #hungergames #balladofsongbirdsandsnakes #songbirdsandsnakes #tomblyth #coriolanussnow #tbosas #tboss #coryo #behindthescenes #moviemagic #hairandmakeup #ontheset #thecovey #balladofsongbirdsandsnakessoundtrack ","tom blyth, tom blyth edit, The Hunger Games: The Ballad Of Songbirds & Snakes, the ballad of songbirds and snakes, the hunger games the ballad of songbirds, hunger games songbirds and snakes, The Hunger Games, Buzzcut Hairstyle, hunger games, hairstyle"
7298043569535814958,"['minutes', 'eren', 'erens', 'death', 'aot', 'eren', 'yeager', 'eren', 'deaths', 'scene', 'eren', 'funeral', 'attack', 'titan', 'cabin', 'eren', 'aot', 'ending', 'eren', 'yeager', 'edit', 'aot', 'final', 'episode', 'rip', 'husband', 'nothing', 'wrong', 'eren', 'erenjaeger', 'erenyeager', 'erenjaegersupremacy', 'erenyeagersupremacy', 'manbuneren', 'manbunerensupremacy', 'erenyaeger', 'erenjeager', 'erenjaegermemorial', 'erenjaegerfuneral', 'seasoneren', 'aotfinale', 'attackontitanfinalseason', 'shingekinokyojinfinalseason', 'attackontitanseason', 'shingekinokyojinseason', 'attackontitan', 'shingekinokyojin', 'aot', 'snk', 'anime', 'manga', 'erensbarbie', 'erenjaegerslovebot']",rip to my husband who did nothing wrongüïäÔ∏è #eren #erenjaeger #erenyeager #erenjaegersupremacy #erenyeagersupremacy #manbuneren #manbunerensupremacy #erenyaeger #erenjeager #erenjaegermemorial #erenjaegerfuneral #season4eren #aotfinale #attackontitanfinalseason #shingekinokyojinfinalseason #attackontitanseason4 #shingekinokyojinseason4 #attackontitan #shingekinokyojin #aot #snk #anime #manga #erensbarbie #erenjaegerslovebot #foryou #fyp„Ç∑ ,"7 minutes eren, erens death aot, Eren Yeager, eren deaths scene, eren funeral, Attack on Titan, cabin eren, aot ending, eren yeager edit, aot final episode"
7300003420604222763,"['frankie', 'lapenna', 'frankie', 'lapenna', 'ufc', 'nfl', 'sunday', 'ticket', 'nfl', 'tickets', 'nfl', 'sunday', 'football', 'nfl', 'football', 'nfl', 'frankie', 'football', 'season', 'ad', 'check', 'link', 'channel', 'page', 'get', 'nfl', 'sunday', 'ticket', 'youtube', 'youtubetv', 'starting', 'rest', 'season', 'youtube', 'tv', 'base', 'plan', 'compared', 'full', 'season', 'price', 'terms', 'embargoes', 'apply', 'cancellations', 'nflsundayticket', 'football', 'nfl', 'youtube']",#ad Check out the link in my channel page to get @NFL Sunday Ticket on @YouTube + #youtubetv Starting at $174 for the rest of the 23‚Äô season on YouTube TV with base plan. 50% off compared to full season price. Terms & embargoes apply. No cancellations. #nflsundayticket #football #nfl #youtube ,"Frankie LaPenna, frankie lapenna ufc, NFL Sunday Ticket, NFL Tickets, nfl sunday, football, nfl football, NFL, Frankie, Football Season"
7306320694726479134,"['brown', 'university', 'students', 'interrupt', 'comments', 'schools', 'president', 'christine', 'paxson', 'monday', 'night', 'calls', 'school', 'divest', 'weapons', 'manufacturers', 'vigil', 'students', 'shot', 'vermont', 'israel', 'israelhamaswar', 'gaza', 'palestinians', 'palestine', 'israelpalestine', 'brownuniversity']",Brown University students interrupt comments from the school‚Äôs President Christine Paxson on Monday night with calls for the school to divest from weapons manufacturers during a vigil for students shot in Vermont. #israel #israelhamaswar #gaza #palestinians #palestine #israelpalestine #brownuniversity ,
7301110581434584362,"['gabby', 'averill', 'lax', 'quitting', 'sport', 'athlete', 'sport', 'college', 'athlete', 'sports', 'tik', 'tok', 'athlete', 'college', 'student', 'quit', 'sport', 'tired', 'losing', 'student', 'athlete', 'football', 'athletes', 'story', 'quit', 'division', 'sport', 'athletes', 'mental', 'health', 'matters', 'struggling', 'speak', 'exathlete', 'athletementalhealth', 'quittingsports', 'dathlete', 'mentalhealth', 'mentalhealthmatters', 'ncaa', 'divisionathlete', 'collegeathletelife', 'collegeathlete']",the story of why I quit my division 1 sport ü§ç for all my athletes out there- your mental health matters and so do you! If you are struggling speak up ü´∂üèº I am here for you  #exathlete #athletementalhealth #quittingsports #d1athlete #mentalhealth #mentalhealthmatters #ncaa #division1athlete #collegeathletelife #collegeathlete ,"gabby averill d1 lax, Quitting A Sport, athlete, Sport, College Athlete, Sports Tik Tok, athlete college student, I Quit The Sport Because I Was Tired Of Losing, Student Athlete, football athletes"
7293987822040583466,"['behind', 'scenes', 'jewish', 'dating', 'app', 'startup', 'startup', 'datingapp', 'jewishtiktok', 'theoffice', 'nycdating', 'loxclub', 'datingadvice', 'bts', 'comedy']",Behind the scenes of a jewish dating app startup... #startup #datingapp #jewishtiktok #theoffice #nathanforyou #nycdating #loxclub #datingadvice #bts #comedy ,
7304041688874470698,"['sejanus', 'execution', 'jabber', 'jay', 'scene', 'sejanus', 'sejanus', 'deaths', 'scene', 'jabber', 'jay', 'scene', 'sejanus', 'hunger', 'games', 'sejanus', 'plinth', 'hunger', 'games:', 'ballad', 'songbirds', '&', 'snakes', 'ballad', 'songbirds', 'snakes', 'hunger', 'games', 'hunger', 'games', 'ballad', 'songbirds', 'also', 'entirety', 'games', 'jaw', 'floor', 'hungergames', 'balladofsongbirdsandsnakes', 'sejanusplinth']",also the entirety of the games my jaw was ON THE FLOOR #hungergames #balladofsongbirdsandsnakes #sejanusplinth ,"sejanus execution, jabber jay scene sejanus, sejanus deaths scene, jabber jay scene, sejanus hunger games, sejanus plinth, The Hunger Games: The Ballad Of Songbirds & Snakes, ballad of songbirds and snakes, hunger games, hunger games ballad of songbirds"
7291688132611722526,"['trumps', 'former', 'lawyer', 'maga', 'loyalist', 'sidney', 'powell', 'pleads', 'guilty', 'georgia', 'election', 'interference', 'case', 'powell', 'one', 'trumps', 'codefendants', 'named', 'district', 'attorney', 'fani', 'willis', 'rico', 'indictment', 'part', 'plea', 'agreement', 'powell', 'must', 'testify', 'truthfully', 'codefendants', 'provide', 'documents', 'da', 'willis', 'nbcs', 'laura', 'jarrett', 'calls', 'devastating', 'news', 'trump']","Trump's former lawyer and MAGA loyalist Sidney Powell pleads guilty in the Georgia election interference case. Powell was one Trump‚Äôs 18 co-defendants named in District Attorney Fani Willis‚Äô RICO indictment. As part of the plea agreement, Powell must ""testify truthfully about any codefendants"" and ""provide all documents‚Äù to D.A. Willis.  NBC's Laura Jarrett calls it ""devastating news"" for Trump.",
7292195226406473003,"['journey', 'pa', 'school', 'hasnt', 'easy', 'one', 'humbling', 'say', 'least', 'senior', 'highschool', 'use', 'shadow', 'pa', 'mentor', 'weekends', 'hadnt', 'even', 'graduated', 'high', 'school', 'yet', 'college', 'focused', 'academics', 'neglected', 'pce', 'year', 'went', 'pce', 'hrs', 'pce', 'short', 'span', 'time', 'last', 'cycle', 'took', 'gre', 'twice', 'scored', 'low', 'studied', 'whole', 'summer', 'cried', 'testing', 'center', 'parking', 'lot', 'mins', 'lie', 'talk', 'silent', 'car', 'ride', 'home', 'oh', 'silent', 'found', 'programs', 'didnt', 'accept', 'science', 'credits', 'limited', 'number', 'programs', 'could', 'apply', 'could', 'literally', 'apply', 'place', 'didnt', 'get', 'sent', 'edge', 'retook', 'important', 'chemistries', 'senior', 'year', 'college', 'almost', 'broke', 'didnt', 'give', 'worked', 'jobs', 'simultaneously', 'double', 'experience', 'taking', 'credit', 'hours', 'really', 'take', 'senior', 'year', 'days', 'cried', 'mom', 'mentors', 'didnt', 'quit', 'never', 'lost', 'sight', 'goal', 'acceptance', 'veryyyyy', 'personal', 'deserving', 'still', 'feels', 'surreal', 'honestly', 'im', 'grateful', 'finally', 'happening', 'know', 'real', 'work', 'starts', 'im', 'still', 'enjoying', 'moment', 'acceprance', 'paschool', 'paschooljourney', 'gradschool']","My journey to PA school hasn‚Äôt been an easy one, but its been humbling to say the least. As a senior in highschool I use to shadow my PA mentor on the weekends. I hadn‚Äôt even graduated high school yet. Then in college I was so focused on academics I neglected my PCE. Just this year I went from having 0 PCE to over 1,000 hrs of PCE in just a short span of time.  Last cycle, I took the GRE TWICE and scored low. I had studied the whole summer. I cried in the testing center parking lot for 30 mins. No lie. Talk about a silent car ride home.. oh it was SILENTüòÇ. Then, I found out most programs didn‚Äôt accept 2 of my science credits so that limited the number of programs I could apply to. I could literally only apply to 1 place and I didn‚Äôt get in. That just about sent me over the edgeü•¥. I retook 2 important chemistries my senior year of college and it almost broke me, but I didn‚Äôt give up.  I worked 2 jobs simultaneously to double my experience and was taking 17 credit hours when I really only had to take 13 my senior year. Most days I cried to my mom &  mentors.. but I didn‚Äôt quit. I never lost sight of the goal.  So this acceptance is VERYYYYY personal and deserving for me. It still feels surreal for me honestly, but I‚Äôm grateful that it‚Äôs finally happening. I KNOW the real work starts now, but I‚Äôm still enjoying my moment ü©∫ü´∂üèæ.  #acceprance #paschool #paschooljourney #gradschool ",
7261349746680352043,"['meet', 'crusher', 'newest', 'patient', 'suzanne', 'walter', 'scott', 'foundation', 'bald', 'eagle', 'flight', 'training', 'center', 'crusher', 'arrived', 'kodiak', 'alaska', 'damaged', 'eye', 'missing', 'flight', 'feathers', 'completing', 'quarantine', 'hpai', 'highly', 'pathogenic', 'avian', 'influenza', 'crusher', 'moved', 'flight', 'training', 'center', 'opportunity', 'regain', 'strength', 'practice', 'flight', 'skills', 'watchful', 'care', 'baldeaglerehab', 'flighttraining', 'wildlifeconservation']","Meet Crusher, our newest patient in the Suzanne and Walter Scott Foundation Bald Eagle Flight Training Center. Crusher arrived from Kodiak, Alaska, with a damaged eye and missing flight feathers. After completing quarantine for HPAI (Highly Pathogenic Avian Influenza), Crusher was moved to our Flight Training Center, where she will have the opportunity to regain her strength and practice her flight skills under our watchful care! #BaldEagleRehab #FlightTraining #WildlifeConservation ",
7305139756277501215,"['coin', 'evil', 'hungergames', 'thehungergames', 'balladofsongbirdsandsnakes', 'lucygraybaird', 'katnisseverdeen', 'peetamellark', 'rachelzegler', 'tomblyth', 'presidentsnow', 'snow', 'president', 'catchingfire', 'mockingjay', 'war']",coin was evil #hungergames #thehungergames #balladofsongbirdsandsnakes #lucygraybaird #katnisseverdeen #peetamellark #rachelzegler #tomblyth #presidentsnow #snow #president #catchingfire #mockingjay #war ,
7236533868768021802,"['dipped', 'flipped', 'siblings', 'siblings', 'sibling', 'check', 'family', 'lgbtq', 'match', 'siblings', 'flipped', 'family', 'sibling', 'questions', 'sibling', 'anthem', 'check', 'sure', 'mom', 'put', 'milk', 'n', 'cookies', 'greenscreen', 'lgbt', 'wlw', 'siblingcheck', 'family', 'relatable', 'gay']",not sure what my mom put in our milk n cookies  #fyp #greenscreen #foryoupage #foryou #lgbt #wlw #siblingcheck #family #relatable #gay ,"dipped and flipped siblings, Siblings, Sibling Check, family, Lgbtq, match siblings, flipped, This Is My Family, Sibling Questions, sibling anthem check"
7237379945515715882,"['haka', 'mean', 'haka', 'jason', 'momoa', 'haka', 'scariest', 'haka', 'haka', 'meaning', 'explained', 'haka', 'translated', 'english', 'haka', 'haka', 'graduation', 'haka', 'meaning', 'jason', 'momoa', 'haka', 'family', 'honors', 'haka', 'last', 'college', 'game', 'show', 'love', 'support', 'haka', 'ceremonial', 'mƒÅori', 'war', 'dance', 'usually', 'performed', 'group', 'show', 'tribes', 'pride', 'strength', 'unity', 'term', 'comes', 'words', 'kapa', 'meaning', 'form', 'line', 'haka', 'means', 'dance', 'performed', 'welcome', 'distinguished', 'guests', 'ceremonies', 'prepare', 'battle', 'via', 'kazzie_t']","Her family honors her with the haka before her last college game in a show of love and support ü•≤‚ô•Ô∏è The haka is a ceremonial MƒÅori war dance that is usually performed in a group as a show of the tribe‚Äôs pride, strength, and unity. The term comes from the words ‚Äúkapa,‚Äù meaning to form a line, and ‚Äúhaka‚Äù, which means dance. It is performed to welcome distinguished guests and at ceremonies to prepare for a battle ‚öîÔ∏èüõ°Ô∏è (Via: @kazzie_t)","what does haka mean, Haka, Jason Momoa Doing Haka, scariest haka, Haka Meaning Explained, haka translated english, what is haka, haka at graduation, haka meaning, jason momoa haka"
7241400524019387691,"['skeleton', 'sport', 'sliding', 'olympics', 'olympics', 'giant', 'skeleton', 'team', 'usa', 'olympics', 'sport', 'track', 'skeleton', 'twins', 'spooky', 'scary', 'skeleton', 'skeleton', 'car', 'skeleton', 'retokfornature', 'skeleton', 'skeletonsport', 'chicane', 'olympics', 'olympic', 'gangwon', 'race', 'fast', 'curve', 'twin', 'skele', 'sport', 'slidingsport', 'slide', 'sliding', 'gangwon', 'youtholympics', 'youtholympicgames', 'youtholympicgames', 'journey', 'ny', 'newyork', 'lakeplacid', 'utah', 'uop', 'otc', 'utaholympicpark', 'lakeplacidny', 'lakeplacidnewyork', 'fy', 'yog', 'usa', 'teamusa', 'us', 'teamus', 'youth', 'mtvanhoevenberg', 'team', 'unitedstates', 'unitedstatesofamerica', 'qualify']",This is Skeleton!! - - - - - - - #ReTokforNature #skeleton #skeletonsport #chicane #olympics #olympic #gangwon #2022 #2024 #race #fast #curve #twin #skele #sport #slidingsport #slide #sliding #gangwon2024 #youtholympics #youtholympicgames #youtholympicgames2024 #journey #ny #newyork #lakeplacid #utah #uop #otc #utaholympicpark #lakeplacidny #lakeplacidnewyork #fy #fyp #foryou #foryoupage #foryourpage #foryoupageofficiall #foryoupageofficial #yog #usa #teamusa #us #teamus #youth #mtvanhoevenberg #team #unitedstates #unitedstatesofamerica #qualify ,"skeleton, Sport, Sliding Olympics, Olympics, Giant Skeleton, team usa olympics 2024, sport track, The Skeleton Twins, spooky scary skeleton, Skeleton On Car"
7304091755937369387,"['caesar', 'flickerman', 'entrance', 'caesar', 'flickerman', 'lucky', 'flickerman', 'stanley', 'tucci', 'hunger', 'games', 'hunger', 'games', 'songbirds', 'snakes', 'ballad', 'songbirds', 'snakes', 'hunger', 'games', 'ballad', 'songbirds', 'hunger', 'games', 'hunger', 'games:', 'ballad', 'songbirds', '&', 'snakes', 'ive', 'hungergames', 'grind', 'lately', 'since', 'literal', 'metaphor', 'times', 'live', 'anyways', 'ceasarflickerman', 'ceasarflickermanstheme', 'balladofsongbirdsandsnakes']",ive been on my #hungergames grind lately since its a literal metaphor for the times we live in anyways #ceasarflickerman #ceasarflickermanstheme #balladofsongbirdsandsnakes ,"caesar flickerman entrance, Caesar Flickerman, lucky flickerman, Stanley Tucci, hunger games, hunger games songbirds and snakes, the ballad of songbirds and snakes, hunger games ballad of songbirds, The Hunger Games, The Hunger Games: The Ballad Of Songbirds & Snakes"
7304392834138885407,"['snow', 'lucy', 'kiss', 'coriolanus', 'snow', 'snow', 'lucy', 'gray', 'lucy', 'gray', 'baird', 'ballad', 'songbirds', 'snakes', 'lucy', 'gray', 'lucy', 'hunger', 'games:', 'ballad', 'songbirds', '&', 'snakes', 'hunger', 'games', 'songbirds', 'snakes', 'lucy', 'gray', 'baird', '|', 'hunger', 'games', 'lives', 'head', 'rent', 'free', 'coriolanussnow', 'thenalladofsongbirdsandsnakes', 'lucyandsnow', 'snowandlucy', 'lucygraybaird', 'enemiestolovers', 'booktok', 'hungergames']",lives in my head rent free #coriolanussnow #thenalladofsongbirdsandsnakes #lucyandsnow #snowandlucy #lucygraybaird #enemiestolovers #booktok #hungergames ,"snow and lucy kiss, coriolanus snow, snow and lucy gray, lucy gray baird, The Ballad Of Songbirds And Snakes, Lucy Gray, Lucy, The Hunger Games: The Ballad Of Songbirds & Snakes, hunger games songbirds and snakes, Lucy Gray Baird | The Hunger Games"
7305247601455205678,"['cato', 'hunger', 'games', 'coral', 'hunger', 'games', 'fair', 'coral', 'ballad', 'songbirds', 'lamina', 'hunger', 'games', 'wovey', 'hunger', 'games', 'reaper', 'hunger', 'games', 'coral', 'cato', 'clove', 'ballad', 'songbirds', 'snakes', 'coral', 'hunger', 'games', 'last', 'words', 'theyre', 'kids', 'fighting', 'lives', 'none', 'villans']",Theyre all just kids fighting for their lives. None of them were villans  #fy#fyp#hungergames#balladofsongbirdsandsnakes#lucygraybaird#coriolanussnow#thehungergames#foryoupage,"cato hunger games, coral hunger games its not fair, coral ballad of songbirds, lamina hunger games, wovey hunger games, reaper hunger games, coral, cato and clove, ballad of songbirds and snakes, coral hunger games last words"
7303976878946159902,"['radio', 'free', 'asia', 'radio', 'free', 'europe', 'cia', 'propaganda', 'cia', 'reading', 'room', 'project', 'acoustic', 'kitty', 'wurlitzer', 'cia', 'cia', 'vampire', 'attacks', 'madeline', 'pendleton', 'controversy', 'madeline', 'pendleton', 'palestine', 'radio', 'free', 'asia', 'replying', 'jenk']",Replying to @jenk ,"radio free asia, radio free europe, cia propaganda, cia reading room, project acoustic kitty, the wurlitzer cia, cia vampire attacks, madeline pendleton controversy, madeline pendleton palestine, what is radio free asia"
7308596714812886318,"['cuz', 'weak', 'strong', 'tbh', 'cruel', 'college', 'rpi', 'finals', 'finalsweek', 'relatable', 'nickiminaj', 'barb', 'comedy', 'funny', 'burnout', 'exhausted', 'helpme', 'rensselaerpolytechnicinstitute', 'grindtime', 'engineering']",No cuz its not for the weak‚Ä¶ or the strong tbh. Its just CRUEL #college #rpi #finals #finalsweek #relatable #nickiminaj #barb #comedy #funny #burnout #exhausted #helpme #rensselaerpolytechnicinstitute #grindtime #engineering ,
7303206149132750111,"['lucy', 'gray', 'hunger', 'games', 'snow', 'hunger', 'games', 'tom', 'blyth', 'lucy', 'gray', 'snow', 'hunger', 'games', 'parallel', 'little', 'dark', 'age', 'hunger', 'games', 'ballad', 'songbirds', 'president', 'snow', 'coriolanus', 'snow', 'edit', 'hard', 'draw', 'parallels', 'trailers', 'hope', 'makes', 'sense', 'cc', 'eclipse', 'payhip', 'tbosbas', 'trailer', 'anetescenes', 'coriolanussnow', 'coriolanussnowedit', 'presidentsnow', 'presidentsnowedit', 'tomblyth', 'tomblythedit', 'hungergamesedit', 'hungergames', 'thehungergames', 'thehungergamesedit', 'theballadofsongbirdsandsnakes', 'theballadofsongbirdsandsnakesedit', 'tbosbas', 'tbosasedit', 'lucygraybaird', 'lucygraybairdedit', 'rachelzegler', 'rachelzegleredit', 'katnisseverdeen', 'katnisseverdeenedit', 'mockingjay']",its so hard to draw parallels with just the trailers so i hope this makes sense | cc ‚Äúeclipse‚Äù on my payhip! tbosbas trailer anetescenes | #coriolanussnow #coriolanussnowedit #presidentsnow #presidentsnowedit #tomblyth #tomblythedit #hungergamesedit #hungergames #thehungergames #thehungergamesedit #theballadofsongbirdsandsnakes #theballadofsongbirdsandsnakesedit #tbosbas #tbosasedit #lucygraybaird #lucygraybairdedit #rachelzegler #rachelzegleredit #katnisseverdeen #katnisseverdeenedit #mockingjay ,"lucy gray, Hunger Games, snow hunger games, tom blyth, lucy gray and snow, hunger games parallel, Little Dark Age, hunger games ballad of songbirds, President Snow, coriolanus snow edit"
7282416532557221163,"['libero', 'volleyball', 'volleyball', 'libero', 'volleyball', 'positions', 'usa', 'volleyball', 'libero', 'wear', 'different', 'color', 'volleyball', 'tiktok', 'volleyball', 'clips', 'life', 'libero', 'olympics', 'life', 'libero', 'justinewongorantes', 'dishes', 'everything', 'need', 'know', 'position', 'usa', 'volleyball', 'takes', 'germany', 'final', 'match', 'olympic', 'qualifying', 'today', 'roadtoparis', 'teamusa', 'olympics', 'volleyball', 'libero']",The life of a libero üèêüá∫üá∏ #justinewongorantes dishes on everything you need to know about her position before @USA Volleyball takes on Germany in the final match of Olympic qualifying today. #RoadToParis #teamusa #olympics #volleyball #libero ,"libero volleyball, Volleyball, libero, volleyball positions, usa volleyball, why does a libero wear different color, volleyball tiktok, Volleyball Clips, life as a libero, Olympics"
7302509162590702890,"['tom', 'blyth', 'finnick', 'hunger', 'games', 'tom', 'blyth', 'edit', 'hunger', 'games', 'songbirds', 'snakes', 'gale', 'hunger', 'games', 'donald', 'sutherland', 'snow', 'hunger', 'games', 'liam', 'hemsworth', 'josh', 'hutcherson', 'tom', 'blyth', 'hunger', 'games', 'white', 'boy', 'month', 'tom', 'blyth', 'tomblyth', 'peetamellark', 'finnickodair', 'joshhutcherson', 'samclaflin', 'thehungergames', 'thg', 'theballadofsongbirdsandsnakes', 'catchingfire', 'katnisseverdeen']",white boy of the month: tom blyth #fyp #tomblyth #peetamellark #finnickodair #joshhutcherson #samclaflin #thehungergames #thg #theballadofsongbirdsandsnakes #catchingfire #foryoupage #katnisseverdeen ,"tom blyth, finnick hunger games, tom blyth edit, hunger games songbirds and snakes, gale hunger games, donald sutherland, snow hunger games, Liam Hemsworth, Josh Hutcherson, tom blyth hunger games"
7287620019549146410,"['joseph', 'scott', 'alexander', 'greatest', 'thing', 'ever', 'step', 'life', 'thank', 'jokes', 'share', 'oclock', 'dinners', 'teaching', 'golf', 'single', 'greatest', 'human', 'ever', 'live', 'thank', 'bestfriend', 'partner', 'crime', 'soulmate', 'tennis', 'partner', 'grocery', 'shopping', 'buddy', 'tap', 'view']","joseph scott alexander, you have been the greatest thing to ever step into my life. thank you for all the jokes you share during our 6 o‚Äôclock dinners and for teaching me how to golf. ‚õ≥Ô∏èyou are the single greatest human to ever live. thank you for being my bestfriend, my partner in crime üìÅ, my soulmateü©∑, my tennis partnerüéæ, my grocery shopping buddyüçé ‚Ä¶ tap to view more ",
7301504561712352554,"['college', 'majors', 'university', 'majors', 'education', 'major', 'psychology', 'major', 'communications', 'major', 'marketing', 'major', 'management', 'major', 'journalism', 'major', 'biology', 'major', 'criminology', 'major', 'pf', 'classes', 'taking', 'nothing']",All pf my classes i am taking do nothing for me ,"College Majors, University Majors, education major, Psychology Major, communications major, Marketing Major, Management Major, Journalism Major, Biology Major, criminology major"
7304461225448967467,"['burn', 'burn', 'us', 'president', 'snow', 'fire', 'catching', 'burn', 'hunger', 'games', 'katniss', 'everdeen', 'message', 'president', 'snow', 'burn', 'burn', 'us', 'hunger', 'games', 'burn', 'us', 'coming', 'tree', 'katniss', 'message', 'snow', 'turkeyweekhungergames', 'balladofsongbirdsandsnakes']",#Turkeyweek#hungergames #balladofsongbirdsandsnakes ,"if we burn you burn with us, president snow, fire is catching and if we burn, Hunger Games, Katniss Everdeen, message for president snow, if we burn you burn with us hunger games, you burn with us, are you coming to the tree, katniss message to snow"
7299036619678534954,"['rue', 'hunger', 'games', 'rue', 'interview', 'scene', 'rue', 'dying', 'hunger', 'games', 'hunger', 'games', 'safe', 'sound', 'hunger', 'games', ""can't"", 'catch', ""can't"", 'catch', 'peeta', 'paints', 'rue', 'katniss', 'rue', 'rue', 'hunger', 'games', 'edit', 'someone', 'probably', 'already', 'done', 'bc', 'song', 'literally', 'thehungergames', 'thehungergamesedit', 'ruethehungergames', 'balladofsongbirdsandsnakes', 'oliviarodrigo', 'cantcatchmenow']",someone has probably already done this bc this song is literally so her || #thehungergames #thehungergamesedit #ruethehungergames #balladofsongbirdsandsnakes #oliviarodrigo #cantcatchmenow ,"rue hunger games, rue interview scene, rue dying in hunger games, hunger games, safe and sound hunger games, you can't catch me now, can't catch me now, peeta paints rue, katniss and rue, rue hunger games edit"
7289223591458131231,"['nay', 'ohio', 'house', 'resolution', 'israel', 'easy', 'decision', 'make', 'one', 'wants', 'vote', 'resolution', 'condemning', 'violence', 'resolution', 'fell', 'short', 'condemn', 'terror', 'ignore', 'damage', 'destruction', 'endured', 'palestinian', 'people', 'could', 'vote', 'yes', 'abandon', 'palestinian', 'friends', 'neighbors', 'long', 'stand', 'still', 'strongly', 'pray', 'jewish', 'lives', 'lost', 'mourn', 'jewish', 'friends', 'neighbors', 'live', 'devastating', 'moment', 'friend', 'rep', 'isaacsohn', 'stated', 'moral', 'equivalence', 'mourn', 'loss', 'innocent', 'lives', 'including', 'gaza', 'cannot', 'good', 'conscience', 'sit', 'vote', 'yes', 'resolution', 'ask', 'deescalation', 'violent', 'retribution', 'launched', 'israel', 'largely', 'civilian', 'territory', 'palestinian', 'children', 'also', 'deserve', 'someone', 'stand', 'condemn', 'murder', 'babies', 'right', 'denied', 'water', 'electricity', 'medicine', 'deserve', 'someone', 'stand', 'condemn', 'abuse', 'abuse', 'suffered', 'years', 'palestinian', 'lives', 'lost', 'since', 'thousands', 'injured', 'displaced', 'time', 'call', 'true', 'justice', 'apply', 'values', 'universal', 'human', 'rights', 'victims', 'oppression', 'regardless', 'nationality', 'religion', 'skin', 'color', 'send', 'prayers', 'peace', 'protection', 'innocent', 'lives', 'lost', 'conflict', 'palestinian', 'jewish', 'american', 'loss', 'life', 'israeli', 'writer', 'gideon', 'levy', 'stated', 'cry', 'bitterly', 'israeli', 'victims', 'also', 'cry', 'gaza', 'finally', 'quote', 'favorite', 'verse', 'quran', 'believe', 'upholders', 'justice', 'witnesses', 'god', 'even', 'though', 'interest', 'parents', 'kinsmen', 'freepalestine']","I was the only Nay on the Ohio House Resolution on Israel. It was not an easy decision to make. No one wants to vote against a resolution condemning violence. But this resolution fell short of what it should have been. To condemn terror but to not ignore the damage and destruction endured by the Palestinian people.  I could not vote ‚ÄòYes‚Äô and abandon my Palestinian friends and neighbors who for too long had very few stand for them.  I still strongly pray for the Jewish lives lost and mourn with my Jewish friends and neighbors as they live through this devastating moment.   But as my friend Rep Isaacsohn stated: It is not moral equivalence to mourn the loss of all innocent lives including those in Gaza.  I cannot in good conscience sit here and vote yes on a resolution that does not ask for a de-escalation of violent retribution launched by Israel against largely civilian territory. The Palestinian children also deserve someone to stand up for them and condemn their murder. Those babies who right now are denied water, electricity and medicine, deserve to have someone stand up for them and condemn their abuse. An abuse they have suffered for over 75 years. With over 6,000 palestinian lives lost since 2008 and thousands more injured and displaced It is time to call for true justice and apply the values of universal human rights to all victims of oppression, regardless of nationality, religion or skin color.  I send my prayers for peace and the protection of innocent lives lost during this conflict. Be it Palestinian, Jewish, American or any other loss of life.  Israeli writer Gideon Levy stated: ‚ÄúWe now have to cry bitterly for the Israeli victims, but we should also cry for Gaza"" And finally to quote my favorite verse in the Quran: ‚ÄúO you who believe, be upholders of justice - witnesses for God, even though against (the interest of) yourselves or your parents, and kinsmen.‚Äù 4:135 #freepalestine ",
7304450419151949099,"['tom', 'blyth', 'snow', 'hunger', 'games', 'cornelius', 'snow', 'edit', 'snow', 'edit', 'coriolanus', 'snow', 'hunger', 'games', 'songbirds', 'snakes', 'president', 'snow', 'hunger', 'games', 'snow', 'kissing', 'lucy', 'snow', 'lands', 'top', 'hottest', 'delusional', 'boy']",the hottest delusional boy ,"tom blyth, snow hunger games, cornelius snow edit, snow edit, Coriolanus Snow, hunger games songbirds and snakes, President Snow, hunger games, snow kissing lucy, snow lands on top"
7305144387338505515,"['relationship', 'im', 'dying', 'lucygray', 'snow', 'tomblyth', 'donaldsutherland', 'youngsnow', 'tbosas', 'thg', 'jenniferlawrence', 'theballadofsongbirdsandsnakes', 'thehungergames', 'hungergames', 'theballadofsongbirdsandsnakesedit', 'lucygreybaird', 'coriolanus', 'lucygreybairdedit', 'tigris', 'coriolanussnow', 'hunterschafer', 'coriolanussnowedit', 'katniss', 'presidentsnow', 'katnisseverdeen', 'rachelzegler', 'mockingjay', 'peetamellark', 'catchingfire', 'snowwhite', 'euphoria', 'panem', 'tribute', 'youngpresidentsnow', 'thhungergames', 'cantcatchme', 'lucygraybairdedit', 'joshandr√©srivera', 'sejanusplinth']",we‚Äôre all in a relationship IM DYINGüò≠ #fyp #lucygray #snow #tomblyth #donaldsutherland #youngsnow #tbosas #thg #jenniferlawrence #theballadofsongbirdsandsnakes #thehungergames #hungergames #theballadofsongbirdsandsnakesedit #lucygreybaird #coriolanus #lucygreybairdedit #tigris #coriolanussnow #hunterschafer #coriolanussnowedit #katniss #presidentsnow #katnisseverdeen #rachelzegler #mockingjay #peetamellark #catchingfire #snowwhite #euphoria #panem #tribute #youngpresidentsnow #10thhungergames #cantcatchme #lucygraybairdedit #joshandr√©srivera #sejanusplinth ,
7302611720214957358,"['scott', 'pilgrim', 'scott', 'pilgrim', 'comic', 'ending', 'explained', 'scott', 'pilgrim', 'ending', 'scottpilgrimtakesoff', 'novel', 'scott', 'pilgrim', 'scott', 'pilgrim', 'comic', 'scott', 'pilgrim', 'villain', 'scott', 'pilgrim', 'takes', 'ending', 'scott', 'pilgrim', 'vs', 'world', 'scott', 'pilgrim', 'novel', 'ending', 'anime', 'really', 'made', 'novel', 'scott', 'villan', 'really', 'diffed', 'evil', 'exes', 'anime', 'scott', 'ramona', 'sscottpilgrimsscottpilgrimvstheworldsscottpilgrimanimesscottpilgrimtakesoff']",the anime really made novel scott into a villan üíÄhe really no diffed all 7 evil exes and anime scott and   ramona #s#scottpilgrims#scottpilgrimvstheworlds#scottpilgrimanimes#scottpilgrimtakesoff,"Scott Pilgrim, scott pilgrim comic ending explained, scott pilgrim ending, scottpilgrimtakesoff, novel scott pilgrim, scott pilgrim comic, scott pilgrim villain, scott pilgrim takes off ending, Scott Pilgrim Vs The World, scott pilgrim novel ending"
7292921926279023918,"['disney', 'disney', 'halloween', 'costume', 'halloween', 'party', 'halloween', 'costume', 'halloween', 'weekend', 'roman', 'empire', 'explained', 'roman', 'empire', 'trend', 'last', 'minute', 'halloween', 'costumes', 'easy', 'halloween', 'costume']",,"disney 100, disney, Halloween Costume, Halloween Party, Halloween Costume 2023, halloween weekend, Roman Empire Explained, roman empire trend, last minute halloween costumes, easy halloween costume"
7307031887577451819,"['sydney', 'sweeney', 'mustang', 'car', 'mustang', 'britney', 'car', 'vintage', 'mustang', 'britney', 'car', 'video', 'sydney', 'sweeney', 'car', 'white', 'mustang', 'blue', 'mustang', 'sydney', 'sweeney', 'car', 'fixing', 'meet', 'greet', 'mustang', 'britney', 'cant', 'wait', 'get', 'back', 'shop', 'start', 'restoration', 'work', 'planned', 'ps', 'even', 'jacket', 'made', 'racing', 'stripes', 'inspired', 'color', 'ad']","meet and greet with my mustang, britney! can‚Äôt wait to get back in the shop and start on all the restoration work i have planned. ps even the jacket we made has racing stripes inspired by her color...  #ad","sydney sweeney, mustang car, mustang, britney car, vintage mustang, britney car video, Sydney Sweeney Car, White Mustang, Blue Mustang, sydney sweeney car fixing"
7288747510728871214,"['drink', 'cannot', 'believe', 'kj', 'playing', 'darts', 'living', 'room', 'best', 'surprise', 'ever', 'thank', 'much', 'team', 'kendall', 'jenner', 'tequilia', 'kendalljenner', 'ambassador', 'kendalljennercollege', 'umich', 'universityofmichigan', 'michiganwolverinesfootball', 'goblue', 'falsettas', 'capcut', 'trending', 'senioryear', 'influencer', 'kardashians', 'jenners', 'college']","818 ‚ù§Ô∏è‚Äôs @drink818 I cannot believe KJ was playing darts in our living room‚Ä¶ This was the best surprise ever, thank you so much 818 team and @Kendall Jenner üò≠üò≠ü´∂üèºü´∂üèº #818tequilia #818 #kendalljenner #818ambassador #kendalljennercollege #fyp #foryoupage #foryou #umich #universityofmichigan #michiganwolverinesfootball #goblue #falsettas #capcut #trending #senioryear #influencer #kardashians #jenners #college ",
7303349704417479966,"['bonusbecky', 'stitch', 'big', 'red', 'flag', 'puzzle', 'destroyed', 'husband', 'kris', 'puzzle', 'divorce', 'puzzle', 'punch', 'puzzle', 'destroyed', 'puzzle', 'tiktok', 'metal', 'puzzle', 'puzzle', 'box', 'anyone', 'knows', 'good', 'divorce', 'lawyer', 'let', 'know', 'divorce', 'puzzle', 'destroyed']",If anyone knows a good divorce lawyer let me know.  #divorce #puzzle #destroyed ,"bonusbecky stitch, big red flag, puzzle destroyed by husband, kris puzzle, divorce, puzzle punch, puzzle destroyed, Puzzle TikTok, Metal Puzzle, Puzzle Box"
7236458641316924715,"['tonytalks', 'next', 'line', ""where's"", 'baby', 'next', 'line', 'toni', 'talks', 'tony', 'talks', ""where's"", 'baby', 'tony', 'talks', 'little', 'mermaid', 'tony', 'talks', 'lost', 'daughter', 'tony', 'talks', 'songs', 'tony', 'talks', 'customer', 'service', 'tony', 'talks', 'make', 'bed', 'else', 'wants', 'brighter', 'smile', 'crest', 'dwhitestrips', 'crestpartner', 'walmart']",Who else wants a brighter smile üòÅü¶∑  @Crest  #3DWhitestrips #CrestPartner @Walmart ,"TonyTalks, next in line, where's my baby, next in line toni talks, tony talks where's my baby, tony talks little mermaid, tony talks i lost my daughter, tony talks songs, tony talks customer service, tony talks did you make your bed"
7300238701336988959,"['replying', 'nurseabbers', 'dirty', 'pop', 'time', 'calvin', 'harris', 'allegedly', 'tanked', 'rita', 'oras', 'second', 'album', 'messy', 'breakup', 'pattern', 'huh', 'dirtypop', 'popmusic', 'pop', 'music', 'popculture', 'popculturenews', 'celebrity', 'celebritygossip', 'musicindustry', 'musicindustrysecrets', 'ritaora', 'ritaorafans', 'calvinharris', 'singers', 'singersongwriter']",Replying to @nurseabbers DIRTY POP! That time Calvin Harris allegedly tanked Rita Ora‚Äôs second album after their messy breakup. He has a pattern huh?  #dirtypop #popmusic #pop #music #popculture #popculturenews #celebrity #celebritygossip #musicindustry #musicindustrysecrets #ritaora #ritaorafans  #calvinharris #singers #singersongwriter,
7290307333714906399,"['lil', 'tjay', 'lil', 'tay', 'edits', 'florida', 'kilos', 'guitar', 'lil', 'tay', 'benzema', 'lil', 'tay', 'years', 'ago', ""ain't"", 'worthy', 'nut', 'lil', 'tay', 'black', 'phone', 'lil', 'tay', 'lil', 'tay', 'new', 'music', 'illuminati', 'footage', 'lil', 'tay', 'lil', 'tay', 'mummy', 'filming', 'crop', 'bro', 'shes', 'funny', 'liltay']",bro shes so funny #liltay ,"lil tjay, Lil Tay Edits, florida kilos guitar, lil tay benzema, Lil Tay 5 Years Ago, you ain't worthy of this nut lil tay, the black phone lil tay, Lil Tay New Music, illuminati footage lil tay, lil tay mummy i was filming crop"
7298902711041445166,"['melania', 'trump', 'hello', 'watch', 'drive', 'milania', 'hello', 'interview', 'aoc', 'alright', 'listen', 'aoc', 'listen', 'okay', 'anderson', 'cooper', 'melania', 'trump', 'melania', 'saying', 'hello', 'bill', 'clinton', 'staring', 'ivanka', 'us', 'history', 'moments', 'listen', 'listen', 'aoc', 'food', 'family', 'melaniatrump', 'donaldtrump', 'billclinton', 'hillaryclinton', 'ivankatrump', 'georgebush', 'kamalaharris', 'aoc']",Food on your family #melaniatrump #donaldtrump #billclinton #hillaryclinton #ivankatrump #georgebush #kamalaharris #aoc ,"melania trump hello, Now Watch This Drive, milania hello interview, aoc alright listen, aoc listen okay, anderson cooper melania trump, melania saying hello, bill clinton staring at ivanka, us history moments, listen listen aoc"
7304054414858489134,"['matt', 'rife', 'palestine', 'matt', 'rife', 'ashley', 'gavin', 'ashley', 'gavin', 'incident', 'ashley', 'gavin', 'palestine', 'gavin', 'minneapolis', 'ashley', 'gavin', 'podcast', 'lgbtq', 'ashley', 'gavin', 'apologizing', 'free', 'palestine', 'f', 'antisemitism', 'please', 'rather', 'arguing', 'online', 'go', 'donate', 'time', 'money', 'call', 'reps', 'register', 'ppl', 'vote', 'etc', 'performative', 'allyship', 'helps', 'much', 'comment', 'wars', 'dont', 'help', 'freepalestine', 'gay', 'lesbian', 'funnylesbian', 'lgbt', 'ashleygavin']","Free Palestine, f*** antisemitism, please rather than arguing online go donate your time or money, call your reps, register ppl to vote, etc. performative allyship only helps so much. Comment wars don't help at all. #freepalestine #gay #lesbian #funnylesbian #lgbt #ashleygavin ","matt rife palestine, matt rife, Ashley Gavin, ashley gavin incident, ashley gavin palestine, gavin, Minneapolis, ashley gavin podcast, Lgbtq, ashley gavin apologizing"
7287680374539423018,"['shani', 'louk', 'truck', 'israel', 'music', 'festival', 'israeli', 'news', 'shani', 'louk', 'full', 'video', 'truck', 'shani', 'louk', 'didnt', 'deserve', 'hamas', 'attacking', 'israel', 'taking', 'families', 'kill', 'death', 'femals', 'getting', 'harassed', 'hamas', 'gaza', 'killing', 'president', 'announced', 'stand', 'israel', 'help', 'going', 'ww', 'shanilouk', 'hamasgaza', 'israelisunderatttacked', 'israel', 'hamasattackisrael', 'ww', 'rip', 'sadnews']",Shani Louk didn‚Äôt deserve this at all Hamas is attacking Israel and taking their families to kill them to death but femals are getting harassed by Hamas Gaza and killing them. The President announced that we stand with Israel and help them we going to WW3. #shanilouk #hamasgaza #israelisunderatttacked #israel #hamasattackisrael #WW3 #rip #sadnews ,"shani louk truck, israel music festival, israeli news, shani louk full video truck"
7296913266008182047,"['napoleon', 'trend', 'dj', 'khaled', 'standing', 'submarine', 'imploding', 'simulation', 'dj', 'khaled', 'submarine', 'throw', 'dj', 'khaled', 'meme', 'submarine', 'gone', 'missing', 'meme', 'russian', 'submarine', 'submarine', 'military', 'footage', 'submersible', 'cant', 'wait', 'see', 'halloween', 'costumes', 'another', 'month', 'instagramreels', 'djkhaled', 'meme', 'viral', 'submarine', 'floptok']",i can‚Äôt wait to see their halloween costumes in another month or so #fyp #fyp„Ç∑ #instagramreels #djkhaled #meme #viral #submarine #floptok ,"napoleon trend, dj khaled standing up, submarine imploding simulation, Dj Khaled, submarine throw, Dj Khaled Meme, submarine gone missing meme, russian submarine, submarine military footage, Submersible"
7245365693011479850,"['real', 'neffatari', 'neff', 'davis', 'aka', 'person', 'anna', 'delvey', 'didnt', 'scam', 'weeks', 'skinspiration', 'listen', 'episode', 'podcast', 'beauty', 'bosses', 'available', 'spotify', 'apple', 'podcasts', 'annadelvey', 'inventinganna', 'inventingannanetflix', 'skinspiration', 'nfl', 'beautybosses', 'drlaradevgan']","The REAL Neffatari (Neff) Davis ‚Äî aka the only person Anna Delvey didn‚Äôt scam ‚Äî is this week‚Äôs SKINSPIRATION üíé Listen to her episode of my podcast, Beauty Bosses üíÑ Available on Spotify and Apple Podcasts  #annadelvey #inventinganna #inventingannanetflix #skinspiration #nfl #beautybosses #drlaradevgan ",
7297044924862647595,"['selena', 'gomez', 'selena', 'tiktok', 'selena', 'gomez', 'play', 'victim', 'selena', 'gomez', 'deleting', 'instagram', 'selena', 'gomez', 'tiktok', 'videos', 'selena', 'gomez', 'video', 'selena', 'gomez', 'unfollowing', 'selena', 'gomez', 'interviews', 'moments', 'selena', 'gomez', 'chin', 'selena', 'gomez', 'paris', 'selena', 'gomez', 'favors', 'like', 'girl', 'aint', 'airport', 'need', 'announce', 'yoir', 'departure', 'selenagomez', 'celebritynews', 'selenagomezplayingvictim', 'greenscreen', 'celebritynewsdaily', 'selenagomezpalestine']","Selena Gomez is doing herself no favors, like girl this aint an airport, no need to announce yoir departure. ü§¶üèª‚Äç‚ôÄÔ∏è #selenagomez #celebritynews #selenagomezplayingvictim #greenscreen #celebritynewsdaily #selenagomezpalestine ","Selena Gomez, Selena TikTok, selena gomez play victim, selena gomez deleting instagram, Selena Gomez Tiktok Videos, selena gomez video, selena gomez unfollowing, Selena Gomez Interviews Moments, Selena Gomez Chin, Selena Gomez Paris"
7301784366332562730,"['didnt', 'know', 'karen', 'going', 'attending', 'politics', 'trumptrain', 'trump', 'maga', 'donaldtrump', 'funny', 'smallbusiness', 'familygathering', 'funny', 'drama', 'tiktokshop', 'tiktokismytherapy', 'dramastarter', 'relatable', 'redwave', 'texas']",I didnt know karen was going to be attending. üòÇ #politics #trumptrain #trump #maga #donaldtrump #funny #smallbusiness #familygathering #funny #drama #tiktokshop #tiktokismytherapy #dramastarter #fyp #relatable #redwave #texas ,
7295843462497226015,"['megan', 'thee', 'stallion', 'soul', 'eater', 'megan', 'thee', 'stallion', 'soul', 'eater', 'death', 'kid', 'megan', 'thee', 'stallion', 'anime', 'megan', 'thee', 'stallion', 'cosplay', 'soul', 'eater', 'opening', 'megan', 'thee', 'stallion', 'costume', 'soul', 'eater', 'costume', 'soul', 'eater', 'edit', 'meg', 'kid', 'wins', 'halloween', 'meganthesestallion', 'megan', 'hotgirl', 'souleater', 'anime', 'deaththekid', 'halloween', 'greenscreen']",Meg the kid wins halloween for me üò≠ #meganthesestallion #megan #hotgirl #souleater #anime #deaththekid #halloween2023 #greenscreen ,"Megan Thee Stallion, Soul Eater, megan thee stallion soul eater, death the kid, megan thee stallion anime, megan thee stallion cosplay, soul eater opening, megan thee stallion costume, soul eater costume, soul eater edit"
7296347290229378334,"['earpods', 'college', 'life', 'apple', 'airpods', 'unholy', 'airpods', 'computer', 'college', 'student', 'life', 'airport', 'tiktok', 'college', 'listen', 'airpods', 'funny', 'tiktok', 'videos', 'tried', 'make', 'funny', 'tiktok', 'ended', 'shattering', 'computer', 'screen', 'instead', 'airpodsareevil', 'collegelife']",tried to make a funny tiktok but ended up shattering my computer screen instead üòúüî´ #airpodsareevil #collegelife ,"earpods, College Life, Apple AirPods, unholy airpods, Computer, College Student Life, Airport TikTok, college, Listen With AirPods, funny tiktok videos"
7277473360949300522,"['rachel', 'zegler', 'rachel', 'zegler', 'snow', 'white', 'rachel', 'zegler', 'hunger', 'games', 'snow', 'white', 'live', 'action', 'snow', 'white', 'rachel', 'ziegler', 'rude', 'snow', 'white', 'actress', 'rachel', 'zegler', 'american', 'actress', 'snow', 'white', 'huntsman', 'hunger', 'games', 'rachel', 'zegler', 'rachel', 'zegler', 'jokes', 'shes', 'going', 'labelled', 'difficult', 'actress']",Rachel Zegler jokes that she‚Äôs going to be labelled as a difficult actress,"rachel zegler, Rachel Zegler Snow White, rachel zegler hunger games, snow white live action, Snow White, rachel ziegler being rude, Snow White Actress, Rachel Zegler American Actress, Snow White and the Huntsman, the hunger games rachel zegler"
7271758010785991978,"['dead', 'man', 'walking', 'brent', 'faiyaz', 'sonder', 'brent', 'faiyaz', 'got', 'diamonds', 'brent', 'faiyaz', 'deadman', 'walking', 'concert', 'deadman', 'walking', 'faiyaz', 'brent', 'faiyaz', 'fake', 'fans', 'brent', 'faiyaz', 'drop', 'roof', 'concert', 'dead', 'man', 'walking', '-', 'brent', 'faiyaz', 'recorded', 'bc', 'saw', 'coming', 'also', 'emmas', 'face', 'lmao', 'brentfaiyaz', 'wasteland', 'concert', 'deadmanwalking']",recorded this bc i saw it coming ü§£ also emmas face LMAO #brentfaiyaz #wasteland #concert #deadmanwalking #fyp,"dead man walking, brent faiyaz, sonder brent faiyaz, i got diamonds brent faiyaz, deadman walking concert, deadman walking faiyaz, brent faiyaz fake fans, brent faiyaz drop the roof, concert, DEAD MAN WALKING - Brent Faiyaz"
7305949069636013343,"['baby', 'monster', 'baby', 'monster', 'debut', 'batter', 'baby', 'monster', 'teddy', 'leaving', 'yg', 'teddy', 'yg', 'producers', 'new', 'jeans', 'baby', 'monster', 'ahyeon', 'baby', 'monster', 'area', 'kpop', 'idols', 'kpop', 'tacky', 'outdated', 'killing', 'babymonster']",Tacky and outdated is KILLING MEüò≠üò≠üò≠ #fyp„Ç∑ #babymonster #kpopfyp ,"baby monster, baby monster debut, batter up baby monster, teddy leaving yg, teddy yg producers, New Jeans, baby monster ahyeon, baby monster in your area, Kpop Idols, kpop"
7303309157409508654,"['replying', 'tori', 'yeager', 'guys', 'think', 'lucy', 'gray', 'said', 'end', 'ballad', 'songbirds', 'snakes', 'thehungergames', 'theballadofsongbirdsandsnakes', 'hungergames', 'balladofsongbirdsandsnakes', 'movies']",Replying to @Tori Yeager Why do you guys think Lucy Gray said this at the end of The Ballad of Songbirds & Snakes?? #thehungergames #theballadofsongbirdsandsnakes #hungergames #balladofsongbirdsandsnakes #movies ,
7296255148177755435,"['bella', 'hadid', 'bella', 'hadid', 'ai', 'video', 'uncanny', 'valley', 'bella', 'hadid', 'israel', 'bella', 'hadid', 'model', 'bella', 'hadid', 'walking', 'runway', 'bella', 'hadid', 'walk', 'bella', 'hadid', 'american', 'model', 'hadid', 'gigi', 'name', 'bella', 'hadid', 'real', 'story', 'behind', 'video', 'bella', 'hadid', 'appearing', 'support', 'israel', 'amid', 'war', 'hamas', 'bellahadid', 'israel', 'palestine', 'israeltiktok', 'palestinetiktok', 'hamas', 'gaza', 'deepfake', 'ai', 'artificialintelligence', 'greenscreen', 'greenscreenvideo']",The real story behind video of Bella Hadid appearing to support Israel amid war with Hamas. #BellaHadid #israel #palestine #israeltiktok #palestinetiktok #hamas #gaza #deepfake #ai #artificialintelligence  #greenscreen #greenscreenvideo ,"bella hadid, bella hadid ai video, uncanny valley, bella hadid israel, bella hadid model, bella hadid walking runway, bella hadid walk, Bella Hadid American Model, Hadid Gigi, my name is bella hadid"
7288702631457967390,"['restless', 'dreams', 'air', 'tag', 'tesla', 'vacuum', 'silent', 'hill', 'restless', 'dreams', 'see', 'town', 'long', 'air', 'tags', 'last', 'geocache', 'kylesthenix', 'airtag', 'tracking', 'treasure', 'hunting', 'find', 'first', 'geoguessers', 'glass', 'ball', 'recipientburiedtreasure', 'airtag', 'mystery', 'geoguesser', 'treasure', 'tesla', 'geocache', 'poetry', 'silenthill', 'kylesthenix']","Who will find it first, the geoguessers or the glass ball recipient?#buriedtreasure #airtag #mystery #geoguesser #treasure #Tesla #geocache #poetry #silenthill #kylesthenix ","in my restless dreams, Air Tag, tesla vacuum, Silent Hill, in my restless dreams i see that town, how long do air tags last, geocache, kylesthenix, airtag tracking, Treasure Hunting"
7288409080178216197,"['jam', 'republic', 'jam', 'republic', 'vs', 'ladybounce', 'winner', 'angels', 'tibet', 'jam', 'republic', 'eliminated', 'latrice', 'angels', 'tibet', 'jam', 'republic', 'reaction', 'latrice', 'jungkook', 'kristen', 'dodgen', 'jam', 'republic', 'vs', 'ladybounce', 'street', 'woman', 'fighter', 'kristen', 'latrice', 'swf', 'korea', 'dancing', 'angels', 'tibet']",Kristen & Latrice on SWF2 in KOREA dancing to Angels In Tibet!!!!! ,"jam republic, jam republic vs ladybounce winner, angels in tibet, jam republic eliminated, Latrice, angels in tibet jam republic reaction, latrice and jungkook, kristen dodgen, jam republic vs ladybounce, street woman fighter 2"
7305104424601390382,"['lucky', 'flickerman', 'hunger', 'games', 'hunger', 'games', 'hunger', 'games', 'songbirds', 'snakes', 'hunger', 'games:', 'ballad', 'songbirds', '&', 'snakes', 'ballad', 'songbirds', 'snakes', 'hunger', 'games', 'ballad', 'songbirds', 'jason', 'schwartzman', 'hungergamesofficial', 'hunger', 'games', 'scenes', 'beef', 'festus', 'creed', 'funny', 'like', 'dislike', 'much', 'jason', 'schwartzman', 'lucky', 'flickerman', 'said', 'lot', 'creative', 'freedom', 'luckys', 'dialogue', 'think', 'one', 'ideas', 'wish', 'kept', 'says', 'sit', 'festus', 'movie', 'hungergames', 'hungergameske', 'thehungergames', 'hungergamesrenaissance', 'hungergamestok', 'theballadofsongbirdsandsnakes', 'balladofsongbirdsandsnakes', 'tbosas', 'tbosasmovie', 'booktok', 'booksoftiktok', 'hungergamesbooks', 'hungergamesprequel', 'songbirdsandsnakes', 'coriolanussnow', 'presidentsnow', 'tomblyth', 'rachelzegler', 'lucygraybaird', 'luckyflickerman', 'caesarflickerman', 'jasonschwartzman', 'behindthescenes']","His beef with Festus Creed was so funny like why does he dislike him so muchü§£ü§£ü§£ Jason Schwartzman (Lucky Flickerman) has said that he had a lot of creative freedom with Lucky‚Äôs dialogue, so i think this was one of his ideas ‚Äî i wish they kept it (he says ‚Äúsit down, Festus‚Äù in the movie)!  #fyp #hungergames #hungergameske #thehungergames #hungergamesrenaissance #hungergamestok #theballadofsongbirdsandsnakes #balladofsongbirdsandsnakes #tbosas #tbosasmovie #booktok #booksoftiktok #hungergamesbooks #hungergamesprequel #songbirdsandsnakes #coriolanussnow #presidentsnow #tomblyth #rachelzegler #lucygraybaird #luckyflickerman #caesarflickerman #jasonschwartzman #behindthescenes ","lucky flickerman, the hunger games, Hunger Games, hunger games songbirds and snakes, The Hunger Games: The Ballad Of Songbirds & Snakes, ballad of songbirds and snakes, hunger games ballad of songbirds, jason schwartzman, hungergamesofficial, hunger games scenes"
7304895446378433834,"['josh', 'hutcherson', 'colleen', 'ballinger', 'microwave', 'honey', 'bun', 'josh', 'hutcherson', 'edit', 'josh', 'hutcherson', 'whistle', 'honey', 'bun', 'colleen', 'josh', 'hutcherson', 'edit', 'josh', 'hutcherson', 'american', 'actor', 'colleen', 'ballinger', 'tour', 'idk', 'else', 'thwres', 'many', 'whichoneareyou', 'events', 'oceangatesub', 'oceangate', 'colleenballinger', 'honeybun', 'joshhutcherson', 'joshhutchersonedit', 'xyzbca']",idk what else i should do because thwres so many #2023 #whichoneareyou #2023events #oceangatesub #oceangate #colleenballinger #honeybun #joshhutcherson #joshhutchersonedit #fyp #xyzbca ,"Josh Hutcherson, Colleen Ballinger, microwave honey bun, josh hutcherson edit, josh hutcherson whistle, honey bun, Colleen, josh hutcherson edit 2014, Josh Hutcherson American Actor, Colleen Ballinger Tour 2023"
7295774130152934702,"['joaquin', 'jungkook', 'jungkook', 'halloween', 'jungkook', 'tyjolion', 'hello', 'bighit', 'music', 'costume', 'tyjolion', 'favorite', 'jimin', 'costume', 'hello', 'bighit', 'jimin', 'dna', 'golf', 'shirt', 'hello', 'bighit', 'music', 'help', 'bts', 'jungkook', 'jimin', 'kpop']",HELP ME#fyp„Ç∑ #bts #jungkook #jimin #fyp„Ç∑ #fyp #kpop ,"joaquin jungkook, jungkook for halloween, jungkook, tyjolion, hello this is bighit music costume, tyjolion my favorite, jimin costume, hello this is bighit, jimin dna golf shirt, hello this is bighit music"
7177226190552386859,"['william', 'knifeman', 'reservation', 'dogs', 'reservation', 'dogs', 'funny', 'moments', 'dallas', 'goldtooth', 'rez', 'dog', 'native', 'dog', 'adoption', 'dogs', 'crying', 'william', 'knifeman', 'scream', 'dog', 'show', 'reservation', 'dogs', 'indigenous', 'american', 'comedy', 'drama', 'television', 'series', 'created', 'sterlin', 'harjo', 'taika', 'waititi', 'fx', 'productions', 'first', 'series', 'feature', 'indigenous', 'writers', 'directors', 'along', 'almost', 'entirely', 'indigenous', 'cast', 'production', 'team', 'reservation', 'dogs', 'received', 'widespread', 'critical', 'acclaim', 'numerous', 'accolades', 'including', 'peabody', 'award', 'two', 'independent', 'spirit', 'awards', 'nominations', 'critics', 'choice', 'television', 'awards', 'golden', 'globes', 'named', 'one', 'best', 'series', 'many', 'critics', 'addition', 'american', 'film', 'institute', 'named', 'one', 'ten', 'best', 'television', 'programs', 'fxonhulu', 'dallasgoldtooth', 'reservationdogs', 'nativehumor', 'viral', 'trending']","Reservation Dogs is an Indigenous American comedy drama television series created by Sterlin Harjo and Taika Waititi for FX Productions. It is the first series to feature all Indigenous writers and directors, along with an almost entirely Indigenous cast and production team. Reservation Dogs has received widespread critical acclaim and numerous accolades including a Peabody Award, two Independent Spirit Awards, and nominations for the Critics' Choice Television Awards and Golden Globes, and was named one of the best series of 2021 by many critics. In addition, the American Film Institute named it one of the ten best television programs of 2021 and 2022. #fxonhulu #dallasgoldtooth #reservationdogs #nativehumor #1491s #viral #trending ","william knifeman, Reservation Dogs, Reservation Dogs Funny Moments, dallas goldtooth, Rez Dog, Native, Dog Adoption, dogs crying, william knifeman scream, Dog Show"
7298098591489428766,"['kourtney', 'kardashian', 'kourtney', 'kardashian', 'gives', 'birth', 'kim', 'kourtney', 'david', 'hasselhoff', 'kardashians', 'kardashians', 'kourtney', 'kardashian', 'funniest', 'moments', 'kim', 'kourtney', 'kardashians', 'video', 'kim', 'kardashian', 'kourtney', 'literally', 'dying', 'lmao', 'kardashians', 'hulu']",literally dying lmao üò≠ #kardashians #hulu ,"kourtney kardashian, Kourtney Kardashian Gives Birth, Kim And Kourtney, david hasselhoff, kardashians, the kardashians, Kourtney Kardashian Funniest Moments, Kim Kourtney, Kardashians Video, Kim Kardashian Kourtney"
7304023180425923882,"['starbucks', 'college', 'program', 'zacklever', 'mac', 'n', 'cheese', 'recipe', 'little', 'brother', 'growing', 'starbucks', 'little', 'brother', 'brothers', 'older', 'sister', 'prepared', 'starbucks', 'barista', 'big', 'sister', 'little', 'brother', 'started', 'working', 'starbucks', 'covid', 'remember', 'begging', 'manager', 'let', 'little', 'brother', 'work', 'years', 'later', 'hes', 'finish', 'college', 'starbucks', 'college', 'program', 'little', 'baby', 'brother', 'grown', 'uppppp', 'wanna', 'cry', 'theres', 'tears', 'eyes', 'rn']",i started working at this starbucks during COVID & remember begging the manager to let my little brother work with me ü•π 3 years later hes about to finish college with the STARBUCKS COLLEGE PROGRAM!!! my little baby brother is so grown uppppp now i wanna cry. theres tears in my eyes rn,"starbucks college program, zacklever, mac n cheese recipe, little brother growing up, Starbucks, little brother, Brothers, no older sister prepared for this, starbucks barista, Big Sister And Little Brother"
7289112047449754926,"['pm', 'pm', 'junk', 'pm', 'jay', 'park', 'embarrassing', 'jyp', 'entertainment', 'pm', 'jyp', 'pm', 'kpop', 'group', 'jyp', 'using', 'autotune', 'jyp', 'food', 'young', 'jyp', 'jsut', 'posting', 'since', 'havent', 'editing', 'idek', 'guy', 'pm', 'ateeee', 'jyp', 'made', 'worse']",JSUT POSTING THIS SINCE I HAVENT BEEN EDITING üò≠ IDEK WHO THAT GUY FROM 2PM IS BUT HE ATEEEE BUT JYP MADE IT WORSE üíÄüíÄ,"2pm, 2pm again and again, junk 2pm, jay park embarrassing himself, JYP Entertainment, 2pm again and again jyp, 2pm Kpop Group, jyp using autotune, jyp food, Young JYP"
7304676813706431790,"['breaking', 'several', 'propalestine', 'activists', 'arrested', 'staging', 'sitin', 'march', 'route', 'macys', 'thanksgiving', 'day', 'parade', 'new', 'york', 'city', 'palestine']",BREAKING: Several pro-Palestine activists were arrested for staging a sit-in on the march route of the Macy‚Äôs Thanksgiving Day parade in New York City #palestine ,
7288112748767169838,"['never', 'dull', 'moment', 'set', 'loki', 'season', 'new', 'episode', 'starts', 'streaming', 'thursday', 'pm', 'pt', 'disney', 'previously', 'recorded', 'marvel', 'marvelstudios', 'bts', 'disneyplus', 'disney']","Never a dull moment on the set of #Loki Season 2. A new episode starts streaming this Thursday at 6PM PT, only on @Disney+. (Previously Recorded) #Marvel #MarvelStudios #BTS #DisneyPlus #Disney100",
7305179700937329966,"['family', 'college', 'black', 'friday', 'college', 'black', 'friday', 'dad', 'chats', 'college', 'life', 'black', 'friday', 'store', 'college', 'students', 'college', 'tiktok', 'send', 'dad', 'bout', 'head', 'black', 'friday', 'shopping', 'college', 'thanksgiving', 'blackfriday', 'dads', 'daughters', 'family', 'nailedit']",bout to head black friday shopping üï∫ #college #thanksgiving #blackfriday #dads #daughters #family #nailedit ,"family, college, Black Friday, College Black Friday, dad chats, College Life, Black Friday Store, College Students, College TikTok, send this to your dad"
7296961804226268462,"['green', 'screen', 'wwe', 'women', 'wrestlers', 'green', 'screen', 'videos', 'breakup', 'wlw', 'couples', 'green', 'screen', 'video', 'effect', 'wlw', 'relationship', 'green', 'screen', 'eye', 'video', 'got', 'permission', 'post', 'lmfaoo', 'wlw', 'wlwbreakup', 'greenscreen']",i got permission to post this lmfaoo #wlw #wlwbreakup #greenscreen ,"green screen, wwe women wrestlers, Green Screen Videos, breakup, wlw couples, Green Screen Video Effect, wlw relationship, Green Screen Eye Video"
7288495350011219242,"['slipping', 'fingers', 'wedding', 'older', 'sister', 'core', 'changing', 'last', 'name', 'slipping', 'fingers', 'siblings', 'sisters', 'marriage', 'sister', 'wives', 'sharing', 'room', 'sibling', 'getting', 'married', 'theres', 'something', 'bittersweet', 'watching', 'older', 'sister', 'get', 'married']",there‚Äôs something so bittersweet about watching your older sister get married,"slipping through my fingers, wedding, Older Sister Core, not changing last name, slipping through my fingers siblings, sisters, marriage, sister wives, Sharing A Room With My Sibling, Getting Married"
7218228439231368490,"['josh', 'peck', 'drake', 'bell', 'drake', 'bell', 'explained', 'drake', 'campana', 'drake', 'bell', 'interview', 'drake', 'interview', 'drake', 'bell', 'court', 'case', 'drake', 'bell', 'case', 'drake', 'bell', 'text', 'messages', 'drake', 'josh', 'drake', 'bell', 'trial', 'drake', 'bell', 'explains', 'pled', 'guilty', 'pled', 'guilty', 'strictly', 'flirtatious', 'dms', 'several', 'witnesses', 'venue', 'hotel', 'never', 'alone', 'together', 'ill', 'posting', 'soon', 'drakebell', 'drakecampana', 'drakeandjosh', 'robertomtz', 'drakebell', 'robertomtztv']",Drake Bell explains why he pled guilty and what he pled guilty for: strictly flirtatious DMs! There were several witnesses at both the venue and hotel that him and her were never alone together! I‚Äôll be posting more soon! #drakebell #drakecampana #drakeandjosh #robertomtz @drakebell @robertomtztv ,"josh peck drake bell, drake bell explained, drake campana, drake bell interview, Drake Interview, drake bell court case, drake bell case, drake bell text messages, drake and josh, drake bell trial"
7298402621281389866,"['replying', 'mkeydeez', 'sam', 'norton', 'described', 'fiercely', 'loyal', 'kind', 'friend', 'would', 'always', 'want', 'corner', 'meant', 'would', 'safe', 'cared', 'took', 'running', 'years', 'ago', 'became', 'devoted', 'formed', 'almost', 'friday', 'run', 'club', 'built', 'great', 'community', 'fellow', 'runners', 'tragically', 'sam', 'collapsed', 'lost', 'life', 'rd', 'mile', 'santa', 'rosa', 'marathon', 'past', 'august', 'friends', 'intended', 'crushing', 'santa', 'rosa', 'marathon', 'victory', 'lap', 'nyc', 'marathon', 'rest', 'direct', 'quote', 'sams', 'friend', 'video', 'messaged', 'friend', 'day', 'really', 'didnt', 'want', 'part', 'race', 'yesterday', 'genuinely', 'couldnt', 'imagine', 'without', 'mom', 'asked', 'us', 'take', 'sams', 'bib', 'planning', 'run', 'herren', 'project', 'cause', 'deeply', 'personal', 'meaningful', 'sam', 'lost', 'father', 'substance', 'abuse', 'disorder', 'agreed', 'run', 'sam', 'wanted', 'turn', 'way', 'could', 'honor', 'celebrate', 'sam', 'coordinated', 'nyrr', 'get', 'us', 'sam', 'bib', 'one', 'sams', 'favorite', 'shirts', 'imagined', 'hed', 'wear', 'raceday', 'signatures', 'bib', 'family', 'friends', 'along', 'route', 'two', 'us', 'ran', 'sam', 'mile', 'onward', 'finish', 'started']","Replying to @mkeydeez Sam Norton was described to me as a ‚Äúfiercely loyal‚Äù and ‚Äúthe kind of friend you would always want in your corner because it meant you would be safe and cared for.‚Äù He took up running a few years ago and became devoted. He formed the Almost Friday Run Club and built a great community of fellow runners.  Tragically, Sam collapsed and lost his life on the 23rd mile of the Santa Rosa marathon this past August. Him and his friends had intended on crushing the Santa Rosa Marathon and doing their ‚Äúvictory lap‚Äù at the NYC marathon.  The rest is a direct quote from Sam‚Äôs friend, who is in the video and messaged me about his friend: ‚ÄúAfter that day, I really didn‚Äôt want to be a part of the race yesterday. I genuinely couldn‚Äôt imagine being out there without him. But his mom had asked us to take over Sam's bib (he was planning to run through the Herren Project, a cause that was deeply personal and meaningful to Sam as he lost his father in 2020 to substance abuse disorder in 2020).  While we agreed to run it for Sam, we wanted to turn it into a way we could honor and celebrate Sam. We coordinated with NYRR to get us a SAM bib and that was one of Sam‚Äôs favorite shirts, which we imagined he‚Äôd wear on raceday. All the signatures on the Bib are family and friends along the route, and the two of us ran with Sam from mile 23 onward to finish what he started. ",
7294056756106317098,"['obama', 'instagram', 'post', 'malik', 'obama', 'palestine', 'obama', 'israel', 'obama', 'palestine', 'post', 'shut', 'obama', 'malia', 'obama', 'palestine', 'post', 'obama', 'instagram', 'palestine', 'obama', 'instagram', 'obama', 'war', 'criminal', 'obama', 'war', 'crimes', 'refuse', 'believe', 'man', 'shut', 'mouse', 'obamaaa', 'freepalestine', 'shocking', 'news', 'viral', 'presidentobama', 'palestine']","I refuse to believe it man, just shut up your mouse obamaaaüíî. #fyp #freepalestineüáµüá∏‚ù§Ô∏è #shocking #news #viral #presidentobama #palestine ","obama instagram post, malik obama palestine, obama israel, obama palestine post, shut up your obama, malia obama palestine post, obama instagram palestine, obama instagram, obama war criminal, obama war crimes"
7293400775777324334,"['disney', 'boo', 'tomato', 'tomato', 'tomato', 'tomato', 'throwing', 'tomatoes', 'booing', 'boyfriend', 'disney', 'card', 'game', 'disney', 'cards', 'game', 'couples', 'tiktok', 'boo', 'dog', 'tomatoes', 'throwing', 'tomatoes', 'disney', 'game', 'tell', 'upset', 'intensity', 'boos']",I can tell how upset he is from the intensity of the boosü§£üíÄ,"disney 100, boo tomato tomato, tomato tomato throwing tomatoes, booing boyfriend, the disney 100 card game, disney 100 cards game, Couples Of TikTok, boo the dog, tomatoes throwing tomatoes, disney 100 game"
7298054309789355295,"['demi', 'nick', 'pineapple', 'juice', 'demi', 'lovato', 'nick', 'jonas', 'diabetes', 'demi', 'nick', 'juice', 'disney', 'commercial', 'nick', 'jonas', 'nick', 'jonas', 'nick', 'jonas', 'commercial', 'demi', 'nick', 'jonas', 'diabetes', 'demi', 'nick', 'nick', 'demi', 'hollywood', 'juice', 'demi', 'nick', 'hollywood', 'triggered', 'would', 'cry', 'nick', 'jonas', 'disney', 'channel', 'commericals', 'thinking', 'going', 'dying', 'jonasbrothers', 'jonasbrothersconcert', 'jobros', 'nickjonas', 'nickjonasdiabetese', 'jonasbrothersslc']",Triggered to when we were 8 and would cry at @Nick Jonas disney channel commericals thinking he was going dying  #jonasbrothers #jonasbrothersconcert #jobros #nickjonas #nickjonasdiabetese #jonasbrothersslc ,"demi nick pineapple juice, demi lovato nick jonas diabetes, demi nick juice, disney commercial nick jonas, Nick Jonas, nick jonas commercial, demi nick jonas diabetes, demi nick, nick demi hollywood juice, demi nick hollywood"
7301148560077098271,"['lockheed', 'martin', 'engineering', 'ethics', 'lockheed', 'martin', 'explained', 'lockheed', 'martin', 'controversy', 'lockheed', 'martin', 'lockheed', 'martin', 'meme', 'engineering', 'engineering', 'ethics', 'class', 'lockheed', 'martin', 'engineer', 'cu', 'boulder', 'greenscreen', 'tad', 'bit', 'hypocritical', 'cuboulder', 'engineering', 'colorado', 'boulder', 'lockheedmartin', 'womeninstem', 'college', 'cu']",#greenscreen a tad bit hypocritical #cuboulder #engineering #colorado #boulder #lockheedmartin #womeninstem #college #cu ,"lockheed martin, engineering ethics, lockheed martin explained, lockheed martin controversy, what is lockheed martin, lockheed martin meme, engineering, engineering ethics class, lockheed martin engineer, cu boulder"
7302556208341208351,"['duet', 'amazon', 'freevee', 'phd', 'holiday', 'gradschool', 'thanksgiving', 'christmas', 'biologymajor', 'mastersdegree']",#duet with @Amazon Freevee #PhD #holiday #gradschool #thanksgiving #christmas #biologymajor #mastersdegree ,
7298442585964662046,"['replying', 'disdainjayne', 'dirty', 'pop', 'tatu', 'part', 'digging', 'time', 'tatu', 'pissed', 'nbc', 'jay', 'leno', 'well', 'abc', 'jimmy', 'kimmel', 'girls', 'treated', 'disgustingly', 'media', 'took', 'revenge', 'dirtypop', 'popmusic', 'pop', 'music', 'popculture', 'popculturenews', 'celebrity', 'celebritygossip', 'musicindustry', 'musicindustrysecrets', 'tatu', 'tatufan', 'allthethingsshesaid', 'notgonnagetus', 'lenakatina', 'juliavolkova', 'edm', 'dance']",Replying to @Disdainjayne DIRTY POP! TATU PART 2. Digging into the time Tatu pissed off NBC AND Jay Leno as well as ABC and Jimmy Kimmel. These girls were treated SO disgustingly by the media and they took their revenge! #dirtypop #popmusic #pop #music #popculture #popculturenews #celebrity #celebritygossip #musicindustry #musicindustrysecrets #2000s #tatu #tatufan #allthethingsshesaid #notgonnagetus #lenakatina #juliavolkova #edm #dance,
7292143951392492846,"['golden', 'gate', 'bridge', 'san', ""francisco's"", 'golden', 'gate', 'bridge', 'premature', 'baby', 'basinnet', 'golden', 'gate', 'bridge', 'seal', 'golden', 'gate', 'bridge', 'survivor', 'golden', 'gate', 'bridge', 'viewpoint', 'golden', 'gate', 'bridge', 'construction', 'jumping', 'golden', 'gate', 'survivor', 'golden', 'gate', 'bridge', 'net', 'test', 'guy', 'jumping', 'bridge', 'demonstrating', 'bungee', 'jumping', 'kevin', 'berthia', 'went', 'golden', 'gate', 'bridge', 'end', 'life', 'infant', 'daughter', 'born', 'premature', 'medical', 'costs', 'care', 'climbed', 'nearly', 'couldnt', 'see', 'way', 'debt', 'stress', 'pressure', 'became', 'much', 'ended', 'talking', 'life', 'officer', 'kevin', 'briggs', 'minutes', 'edge', 'bridge', 'somehow', 'compassion', 'voice', 'allowed', 'kinda', 'let', 'guard', 'enough', 'us', 'conversation', 'berthia', 'would', 'later', 'say', 'years', 'later', 'met', 'bridge', 'much', 'better', 'circumstances', 'greater', 'picture', 'need', 'daughter', 'know', 'shes', 'wouldnt', 'get', 'see', 'grow', 'berthia', 'told', 'briggs']","In 2005 Kevin Berthia went to the Golden Gate Bridge to end his life. He had an infant daughter who had been born premature, and the medical costs for her care climbed to nearly $250,000. He couldn't see a way out of debt and the stress and pressure became too much. He ended up talking about his life with Officer Kevin Briggs for 92 minutes while he was on the edge of the bridge. ""Somehow the compassion in his voice is what allowed me to kinda let my guard down enough for us to have a conversation,‚Äù Berthia would later say. 10 years later they met on the same bridge in much better circumstances. ""The greater picture is that I need to be here for my daughter. You know, she's 10 now and, had you not been there, I wouldn't get to see her grow up,‚Äù Berthia told Briggs. ","Golden Gate Bridge, san francisco's golden gate bridge, Premature Baby In Basinnet, Golden Gate Bridge Seal, The Golden Gate Bridge Survivor, Golden Gate Bridge Viewpoint, Golden Gate Bridge Construction, jumping off golden gate survivor, golden gate bridge net test, guy jumping off a bridge demonstrating bungee jumping"
7293672618723495211,"['israeli', 'influencer', 'gluten', 'free', 'israel', 'israeli', 'influencers', 'new', 'jeans', 'gluten', 'free', 'bread', 'israel', 'new', 'jeans', 'israel', 'israeli', 'influencer', 'gluten', 'bread', 'gluten', 'free', 'cookies', 'israel', 'influencers', 'israeli', 'hummus', 'oven', 'palestine', 'israeli', 'influencers', 'truly', 'revealing', 'propaganda', 'country', 'puts', 'scared', 'lives', 'serious', 'palestine', 'freepalestine']",israeli influencers truly revealing the propaganda that their country puts out about how ‚Äúscared they are for their lives‚Äù be seriousüò≠ #palestine #freepalestine ,"israeli influencer, gluten free israel, israeli influencers new jeans, gluten free bread israel, new jeans israel, israeli influencer gluten bread, gluten free cookies israel, influencers, israeli hummus, oven palestine"
7296842922467560735,"['miley', 'cyrus', 'card', 'declined', 'miley', 'celebrity', 'miley', 'cyrus', 'costume', 'miley', 'cyrus', 'glastonbury', 'jaded', 'miley', 'cyrus', 'miley', 'cyrus', 'lollapalooza', 'miley', 'cyrus', 'versace', 'show', 'miley', 'cyrus', 'interview', 'ironic', 'iconic', 'mileycyrus', 'throwback', 'celebrity', 'popculture', 'viral']",How ironic and iconic #mileycyrus #throwback #celebrity #popculture #fypage #viral ,"Miley Cyrus, card declined, miley, celebrity, Miley Cyrus Costume, Miley Cyrus Glastonbury, Jaded Miley Cyrus, Miley Cyrus Lollapalooza, Miley Cyrus Versace Show, Miley Cyrus Interview"
7284427941948427566,"['hozier', 'hozier', 'philly', 'hozier', 'concert', 'hozier', 'live', 'hozier', 'mad', 'hozier', 'interview', 'hozier', 'take', 'church', 'hozier', 'philadelphia', 'concert', 'hozierofficial', 'replying', 'dj', 'smith', 'captured', 'moment', 'like', 'song', 'alone', 'wasnt', 'enough', 'damage', 'hozier', 'cherrywinehozier', 'unrealunearthtour', 'theanthemdc', 'hoziertok']",Replying to @Dj Smith i captured that moment too. ü§çüò≠ like the song alone wasn‚Äôt enough damage.  #hozier #cherrywinehozier #unrealunearthtour #theanthemdc #hoziertok ,"Hozier, hozier philly, hozier concert, hozier live, hozier mad, hozier interview, hozier take me to church, hozier philadelphia, concert, hozierofficial"
7303259887901936942,"['everybody', 'put', 'fingers', 'air', 'hunger', 'games', 'edit', 'hunger', 'games', 'section', 'high', 'power', 'hunger', 'games', 'songbirds', 'snakes', 'new', 'hunger', 'games', 'movie', 'hunger', 'games', 'explained', 'katniss', 'everdeen', 'edit', 'everybody', 'put', 'fingers', 'air', 'hunger', 'games', 'katniss', 'shoot', 'coin', 'scene', 'thehungergames', 'edit']",#thehungergames #edit #fyp ,"everybody put 3 fingers in the air, the hunger games edit, Hunger Games, section 80 high power, hunger games songbirds and snakes, new hunger games movie, hunger games explained, katniss everdeen edit, everybody put 3 fingers in the air hunger games, katniss shoot coin scene"
7304090458555256106,"['maude', 'ivory', 'hunger', 'games', 'lucy', 'gray', 'maude', 'ivory', 'katniss', 'hanging', 'tree', 'im', 'gonna', 'pick', 'katniss', 'katniss', 'singing', 'hanging', 'tree', 'snow', 'hunger', 'games', 'katniss', 'hunger', 'games', 'lucy', 'gray', 'snow', 'dead', 'alive', 'jig', 'revenge', 'hungergames', 'balladofsongbirdsandsnakes', 'tbosbas', 'lucygray', 'coriolanussnow']",dead or alive this is the jig of revenge #hungergames #balladofsongbirdsandsnakes #tbosbas #lucygray #coriolanussnow ,"maude ivory hunger games, Lucy Gray, maude ivory, katniss hanging tree, im gonna pick some katniss, katniss singing hanging tree, snow hunger games, katniss, hunger games, lucy gray and snow"
7299439295172005166,"['hellfire', 'disney', 'song', 'wish', 'villain', 'song', 'thanks', 'get', 'disney', 'wish', 'disney', 'villain', 'songs', 'hunchback', 'notre', 'dame', 'disney', 'wish', 'movie', 'poor', 'unfortunate', 'soul', 'like', 'fire', 'hell', 'fire', 'hellfire', 'hellfirehunchback', 'hunchbackofnotredame', 'friendsontheotherside', 'princessandthefrog', 'lionking', 'scarlionking', 'beprepared', 'wishdisney', 'isthisthethanksiget']",#hellfire #hellfirehunchback #hunchbackofnotredame #friendsontheotherside #princessandthefrog #lionking #scarlionking #beprepared #wishdisney #isthisthethanksiget,"hellfire disney song, wish villain song, this is the thanks i get disney, wish, disney villain songs, hunchback of notre dame, disney  100, Wish Movie, poor unfortunate soul, like fire hell fire"
7304515084699618591,"['lucy', 'gray', 'cinna', 'hunger', 'games', 'hunger', 'games', 'katniss', 'everdeen', 'snow', 'hunger', 'games', 'katniss', 'lucy', 'gray', 'explained', 'lucy', 'gray', 'edit', 'happened', 'lucy', 'gray', 'hunger', 'games', 'ballad', 'songbirds', 'katniss', 'everdeen', 'edit', 'mockingjay', 'lives', 'lucygraybaird', 'lucygraybairdedit', 'katnisseverdeen', 'katnisseverdeenedit', 'themockingjay', 'hungergames', 'hungergamesedit', 'hungergamescatchingfire', 'theballadofsongbirdsandsnakes', 'theballadofsongbirdsandsnakesedit', 'balladofsongbirdsandsnakes', 'balladofsongbirdsandsnakesedit', 'themockingjaylives', 'edit']",the mockingjay lives #lucygraybaird #lucygraybairdedit #katnisseverdeen #katnisseverdeenedit #themockingjay  #hungergames #hungergamesedit #hungergamescatchingfire #theballadofsongbirdsandsnakes #theballadofsongbirdsandsnakesedit #balladofsongbirdsandsnakes #balladofsongbirdsandsnakesedit #themockingjaylives #edit ,"lucy gray, cinna hunger games, hunger games, katniss everdeen, snow hunger games, katniss and lucy gray explained, lucy gray edit, what happened to lucy gray, hunger games ballad of songbirds, katniss everdeen edit"
7303396064873270558,"['tigris', 'hunger', 'games', 'lucy', 'gray', 'snow', 'hunger', 'games', 'hunger', 'games', 'songbirds', 'snakes', 'hunger', 'games', 'happened', 'lucy', 'gray', 'hunger', 'games', 'ballad', 'songbirds', 'ballad', 'songbirds', 'snakes', 'hunger', 'games', 'explained', 'president', 'snow', 'put', 'together', 'hungergames', 'balladofsongbirdsandsnakes', 'presidentsnow', 'lucygraybaird', 'endingexplained', 'movieanalysis', 'booktok']",Did you put this together ? #hungergames #balladofsongbirdsandsnakes #presidentsnow #lucygraybaird #endingexplained #movieanalysis #booktok ,"tigris hunger games, lucy gray, snow hunger games, hunger games songbirds and snakes, hunger games, what happened to lucy gray, hunger games ballad of songbirds, ballad of songbirds and snakes, hunger games explained, President Snow"
7218283544278207790,"['atlanta', 'mall', 'scene', 'atlanta', 'brian', 'tyree', 'henry', 'atlanta', 'tv', 'show', 'lakeith', 'stanfield', 'atlanta', 'popeyes', 'blowfish', 'atlanta', 'scene', 'popeyes', 'chicken', 'sandwich', 'donald', 'glover', 'popeyes', 'chicken', 'sandwich', 'fire', 'tho', 'atlantafx', 'donaldglover', 'briantyreehenry', 'lakeithstanfield', 'zaziebeetz', 'popeyes']",why Popeye's chicken sandwich so fire tho üíÄ #atlantafx #donaldglover #briantyreehenry #lakeithstanfield #zaziebeetz #popeyes ,"atlanta mall scene, atlanta, brian tyree henry, Atlanta TV Show, LaKeith Stanfield, atlanta popeyes, Blowfish, Atlanta Scene, popeyes chicken sandwich, Donald Glover"
7272592297315814699,"['milk', 'black', 'guys', 'vs', 'white', 'black', 'vs', 'white', 'reaction', 'black', 'guys', 'vs', 'white', 'reaction', 'milk', 'fights', 'milk', 'jubilee', 'black', 'men', 'vs', 'white', 'guy', 'black', 'vs', 'white', 'p', 'black', 'vs', 'white', 'reaction', 'winner', 'milk', 'guess', 'whos', 'black', 'nah', 'black', 'frfr', 'twitch', 'youtube', 'itssjustejj', 'react', 'reaction', 'reactionvideo', 'reactionvideos', 'funnyreaction', 'reactionvids', 'reacts', 'reacttothis']",Nah he black frfr. Twitch & Youtube: itssjustejj #react #reaction #reactionvideo #reactionvideos #funnyreaction #reactionvids #reacts #reacttothis ,"Milk74, 6 black guys vs 1 white, 6 black vs 1 white reaction, 6 black guys vs 1 white reaction, milk 74 fights, milk74 on jubilee, 6 black men vs 1 white guy, 6 black vs 1 white p2, 6 black vs 1 white reaction winner, milk74 guess whos black"
7303398419593235742,"['finnick', 'hunger', 'games', 'jamie', 'campbell', 'bower', 'finnick', 'dying', 'scene', 'snow', 'selling', 'finnick', 'finnick', 'finnick', 'deaths', 'scene', 'snow', 'hunger', 'games', 'tigris', 'hunger', 'games', 'tom', 'blyth', 'hunger', 'games', 'songbirds', 'snakes', 'need', 'keep', 'reminding', 'presidentsnow', 'theballadofsongbirdsandsnakes', 'hungergames', 'booktok']",I need to keep reminding myself. #fyp #presidentsnow #theballadofsongbirdsandsnakes #hungergames #booktok ,"finnick hunger games, jamie campbell bower, finnick dying scene, snow selling finnick, finnick, finnick deaths scene, snow hunger games, tigris hunger games, tom blyth, hunger games songbirds and snakes"
7302657627996130603,"['sat', 'score', 'reaction', 'day', 'night', 'ost', 'sat', 'score', 'day', 'night', 'k', 'drama', 'day', 'night', 'sat', 'score', 'reaction', 'bad', 'day', 'night', 'jung', 'seung', 'hwan', 'lowest', 'sat', 'score', 'bad', 'sat', 'score', 'sat', 'questions', 'college', 'yale', 'princeton', 'ucla', 'sat', 'tutor']",its over #college #yale #princeton #ucla #sat #tutor ,"sat score reaction, day and night ost, sat score, day and night k drama, day and night, sat score reaction bad, day and night jung seung hwan, lowest sat score, bad sat score, sat questions"
7293618574793444638,"['jungwoo', 'key', 'lime', 'pie', 'vampire', 'haechan', 'jungwoo', 'key', 'lime', 'jungwoo', 'pie', 'jungwoo', 'jungwoo', 'trader', ""joe's"", 'vampire', 'haechan', 'costume', 'haechan', 'key', 'lime', 'pie', 'erikatitus', 'key', 'lime', 'pie', 'halloween', 'costume', 'mine', 'matters', 'sjdhjdhs']",this is the only halloween costume of mine that matters to me sjdhjdhs,"jungwoo key lime pie, vampire haechan, jungwoo key lime, jungwoo pie, jungwoo, jungwoo trader joe's, vampire haechan costume, haechan key lime pie, erikatitus, Key Lime Pie"
7305081770821668139,"['comprehensive', 'guide', 'comfort', 'reads', 'shop', 'amazon', 'books', 'black', 'friday', 'cyber', 'monday', 'sales', 'sponsored', 'something', 'special', 'books', 'feel', 'pull', 'revisit', 'time', 'time', 'youve', 'read', 'many', 'times', 'start', 'become', 'old', 'friends', 'ones', 'count', 'bring', 'comfort', 'warmth', 'matter', 'life', 'honor', 'mine', 'im', 'bringing', 'comprehensive', 'guide', 'comfort', 'read', 'east', 'eden', 'alltime', 'favorite', 'book', 'normal', 'people', 'one', 'genuinely', 'reformed', 'think', 'life', 'thursday', 'murder', 'club', 'feel', 'good', 'fun', 'secret', 'history', 'want', 'escape', 'different', 'life', 'ones', 'hopefuls', 'everything', 'know', 'love', 'midnight', 'library', 'find', 'comfort', 'titles', 'via', 'link', 'profile', 'enjoy', 'titles', 'others', 'starting', 'november', 'rd']","My comprehensive guide to comfort reads to shop during Amazon Books black friday and cyber monday sales #sponsored There is something so special about those books that you feel the pull to revisit time and time again. Those that you‚Äôve read so many times they start to become old friends. The ones you can count on to bring you comfort and warmth no matter where you are in life. In honor of those of mine that do just that, I‚Äôm bringing you my comprehensive guide to ‚Äúthe comfort read‚Äù:   ¬∑  ‚ÄÇ‚ÄÇ‚ÄÇEast Of Eden (My all-time favorite book) ¬∑  ‚ÄÇ‚ÄÇ‚ÄÇNormal People (This one genuinely reformed how I think about life) ¬∑  ‚ÄÇ‚ÄÇ‚ÄÇThe Thursday Murder Club (Feel good fun) ¬∑  ‚ÄÇ‚ÄÇ‚ÄÇThe Secret History (Want to escape into a different life? This one‚Äôs for you.)   And my hopefuls: ¬∑  ‚ÄÇ‚ÄÇ‚ÄÇEverything I Know About Love ¬∑  ‚ÄÇ‚ÄÇ‚ÄÇThe Midnight Library   You can find all of these comfort titles via the link in my profile and enjoy up to 50% off on these titles and others starting on November 23rd.",
